-- MySQL dump 10.13  Distrib 8.1.0, for macos13.3 (arm64)
--
-- Host: localhost    Database: growth_vision
-- ------------------------------------------------------
-- Server version	8.1.0

/*!40101 SET @OLD_CHARACTER_SET_CLIENT=@@CHARACTER_SET_CLIENT */;
/*!40101 SET @OLD_CHARACTER_SET_RESULTS=@@CHARACTER_SET_RESULTS */;
/*!40101 SET @OLD_COLLATION_CONNECTION=@@COLLATION_CONNECTION */;
/*!50503 SET NAMES utf8mb4 */;
/*!40103 SET @OLD_TIME_ZONE=@@TIME_ZONE */;
/*!40103 SET TIME_ZONE='+00:00' */;
/*!40014 SET @OLD_UNIQUE_CHECKS=@@UNIQUE_CHECKS, UNIQUE_CHECKS=0 */;
/*!40014 SET @OLD_FOREIGN_KEY_CHECKS=@@FOREIGN_KEY_CHECKS, FOREIGN_KEY_CHECKS=0 */;
/*!40101 SET @OLD_SQL_MODE=@@SQL_MODE, SQL_MODE='NO_AUTO_VALUE_ON_ZERO' */;
/*!40111 SET @OLD_SQL_NOTES=@@SQL_NOTES, SQL_NOTES=0 */;

--
-- Table structure for table `auth_group`
--

DROP TABLE IF EXISTS `auth_group`;
/*!40101 SET @saved_cs_client     = @@character_set_client */;
/*!50503 SET character_set_client = utf8mb4 */;
CREATE TABLE `auth_group` (
  `id` int NOT NULL AUTO_INCREMENT,
  `name` varchar(150) NOT NULL,
  PRIMARY KEY (`id`),
  UNIQUE KEY `name` (`name`)
) ENGINE=InnoDB DEFAULT CHARSET=utf8mb4 COLLATE=utf8mb4_0900_ai_ci;
/*!40101 SET character_set_client = @saved_cs_client */;

--
-- Dumping data for table `auth_group`
--

LOCK TABLES `auth_group` WRITE;
/*!40000 ALTER TABLE `auth_group` DISABLE KEYS */;
/*!40000 ALTER TABLE `auth_group` ENABLE KEYS */;
UNLOCK TABLES;

--
-- Table structure for table `auth_group_permissions`
--

DROP TABLE IF EXISTS `auth_group_permissions`;
/*!40101 SET @saved_cs_client     = @@character_set_client */;
/*!50503 SET character_set_client = utf8mb4 */;
CREATE TABLE `auth_group_permissions` (
  `id` bigint NOT NULL AUTO_INCREMENT,
  `group_id` int NOT NULL,
  `permission_id` int NOT NULL,
  PRIMARY KEY (`id`),
  UNIQUE KEY `auth_group_permissions_group_id_permission_id_0cd325b0_uniq` (`group_id`,`permission_id`),
  KEY `auth_group_permissio_permission_id_84c5c92e_fk_auth_perm` (`permission_id`),
  CONSTRAINT `auth_group_permissio_permission_id_84c5c92e_fk_auth_perm` FOREIGN KEY (`permission_id`) REFERENCES `auth_permission` (`id`),
  CONSTRAINT `auth_group_permissions_group_id_b120cbf9_fk_auth_group_id` FOREIGN KEY (`group_id`) REFERENCES `auth_group` (`id`)
) ENGINE=InnoDB DEFAULT CHARSET=utf8mb4 COLLATE=utf8mb4_0900_ai_ci;
/*!40101 SET character_set_client = @saved_cs_client */;

--
-- Dumping data for table `auth_group_permissions`
--

LOCK TABLES `auth_group_permissions` WRITE;
/*!40000 ALTER TABLE `auth_group_permissions` DISABLE KEYS */;
/*!40000 ALTER TABLE `auth_group_permissions` ENABLE KEYS */;
UNLOCK TABLES;

--
-- Table structure for table `auth_permission`
--

DROP TABLE IF EXISTS `auth_permission`;
/*!40101 SET @saved_cs_client     = @@character_set_client */;
/*!50503 SET character_set_client = utf8mb4 */;
CREATE TABLE `auth_permission` (
  `id` int NOT NULL AUTO_INCREMENT,
  `name` varchar(255) NOT NULL,
  `content_type_id` int NOT NULL,
  `codename` varchar(100) NOT NULL,
  PRIMARY KEY (`id`),
  UNIQUE KEY `auth_permission_content_type_id_codename_01ab375a_uniq` (`content_type_id`,`codename`),
  CONSTRAINT `auth_permission_content_type_id_2f476e4b_fk_django_co` FOREIGN KEY (`content_type_id`) REFERENCES `django_content_type` (`id`)
) ENGINE=InnoDB AUTO_INCREMENT=33 DEFAULT CHARSET=utf8mb4 COLLATE=utf8mb4_0900_ai_ci;
/*!40101 SET character_set_client = @saved_cs_client */;

--
-- Dumping data for table `auth_permission`
--

LOCK TABLES `auth_permission` WRITE;
/*!40000 ALTER TABLE `auth_permission` DISABLE KEYS */;
INSERT INTO `auth_permission` VALUES (1,'Can add permission',1,'add_permission'),(2,'Can change permission',1,'change_permission'),(3,'Can delete permission',1,'delete_permission'),(4,'Can view permission',1,'view_permission'),(5,'Can add group',2,'add_group'),(6,'Can change group',2,'change_group'),(7,'Can delete group',2,'delete_group'),(8,'Can view group',2,'view_group'),(9,'Can add user',3,'add_user'),(10,'Can change user',3,'change_user'),(11,'Can delete user',3,'delete_user'),(12,'Can view user',3,'view_user'),(13,'Can add content type',4,'add_contenttype'),(14,'Can change content type',4,'change_contenttype'),(15,'Can delete content type',4,'delete_contenttype'),(16,'Can view content type',4,'view_contenttype'),(17,'Can add session',5,'add_session'),(18,'Can change session',5,'change_session'),(19,'Can delete session',5,'delete_session'),(20,'Can view session',5,'view_session'),(21,'Can add user',6,'add_user'),(22,'Can change user',6,'change_user'),(23,'Can delete user',6,'delete_user'),(24,'Can view user',6,'view_user'),(25,'Can add plat form dou yin',7,'add_platformdouyin'),(26,'Can change plat form dou yin',7,'change_platformdouyin'),(27,'Can delete plat form dou yin',7,'delete_platformdouyin'),(28,'Can view plat form dou yin',7,'view_platformdouyin'),(29,'Can add data dou yin',8,'add_datadouyin'),(30,'Can change data dou yin',8,'change_datadouyin'),(31,'Can delete data dou yin',8,'delete_datadouyin'),(32,'Can view data dou yin',8,'view_datadouyin');
/*!40000 ALTER TABLE `auth_permission` ENABLE KEYS */;
UNLOCK TABLES;

--
-- Table structure for table `auth_user`
--

DROP TABLE IF EXISTS `auth_user`;
/*!40101 SET @saved_cs_client     = @@character_set_client */;
/*!50503 SET character_set_client = utf8mb4 */;
CREATE TABLE `auth_user` (
  `id` int NOT NULL AUTO_INCREMENT,
  `password` varchar(128) NOT NULL,
  `last_login` datetime(6) DEFAULT NULL,
  `is_superuser` tinyint(1) NOT NULL,
  `username` varchar(150) NOT NULL,
  `first_name` varchar(150) NOT NULL,
  `last_name` varchar(150) NOT NULL,
  `email` varchar(254) NOT NULL,
  `is_staff` tinyint(1) NOT NULL,
  `is_active` tinyint(1) NOT NULL,
  `date_joined` datetime(6) NOT NULL,
  PRIMARY KEY (`id`),
  UNIQUE KEY `username` (`username`)
) ENGINE=InnoDB DEFAULT CHARSET=utf8mb4 COLLATE=utf8mb4_0900_ai_ci;
/*!40101 SET character_set_client = @saved_cs_client */;

--
-- Dumping data for table `auth_user`
--

LOCK TABLES `auth_user` WRITE;
/*!40000 ALTER TABLE `auth_user` DISABLE KEYS */;
/*!40000 ALTER TABLE `auth_user` ENABLE KEYS */;
UNLOCK TABLES;

--
-- Table structure for table `auth_user_groups`
--

DROP TABLE IF EXISTS `auth_user_groups`;
/*!40101 SET @saved_cs_client     = @@character_set_client */;
/*!50503 SET character_set_client = utf8mb4 */;
CREATE TABLE `auth_user_groups` (
  `id` bigint NOT NULL AUTO_INCREMENT,
  `user_id` int NOT NULL,
  `group_id` int NOT NULL,
  PRIMARY KEY (`id`),
  UNIQUE KEY `auth_user_groups_user_id_group_id_94350c0c_uniq` (`user_id`,`group_id`),
  KEY `auth_user_groups_group_id_97559544_fk_auth_group_id` (`group_id`),
  CONSTRAINT `auth_user_groups_group_id_97559544_fk_auth_group_id` FOREIGN KEY (`group_id`) REFERENCES `auth_group` (`id`),
  CONSTRAINT `auth_user_groups_user_id_6a12ed8b_fk_auth_user_id` FOREIGN KEY (`user_id`) REFERENCES `auth_user` (`id`)
) ENGINE=InnoDB DEFAULT CHARSET=utf8mb4 COLLATE=utf8mb4_0900_ai_ci;
/*!40101 SET character_set_client = @saved_cs_client */;

--
-- Dumping data for table `auth_user_groups`
--

LOCK TABLES `auth_user_groups` WRITE;
/*!40000 ALTER TABLE `auth_user_groups` DISABLE KEYS */;
/*!40000 ALTER TABLE `auth_user_groups` ENABLE KEYS */;
UNLOCK TABLES;

--
-- Table structure for table `auth_user_user_permissions`
--

DROP TABLE IF EXISTS `auth_user_user_permissions`;
/*!40101 SET @saved_cs_client     = @@character_set_client */;
/*!50503 SET character_set_client = utf8mb4 */;
CREATE TABLE `auth_user_user_permissions` (
  `id` bigint NOT NULL AUTO_INCREMENT,
  `user_id` int NOT NULL,
  `permission_id` int NOT NULL,
  PRIMARY KEY (`id`),
  UNIQUE KEY `auth_user_user_permissions_user_id_permission_id_14a6b632_uniq` (`user_id`,`permission_id`),
  KEY `auth_user_user_permi_permission_id_1fbb5f2c_fk_auth_perm` (`permission_id`),
  CONSTRAINT `auth_user_user_permi_permission_id_1fbb5f2c_fk_auth_perm` FOREIGN KEY (`permission_id`) REFERENCES `auth_permission` (`id`),
  CONSTRAINT `auth_user_user_permissions_user_id_a95ead1b_fk_auth_user_id` FOREIGN KEY (`user_id`) REFERENCES `auth_user` (`id`)
) ENGINE=InnoDB DEFAULT CHARSET=utf8mb4 COLLATE=utf8mb4_0900_ai_ci;
/*!40101 SET character_set_client = @saved_cs_client */;

--
-- Dumping data for table `auth_user_user_permissions`
--

LOCK TABLES `auth_user_user_permissions` WRITE;
/*!40000 ALTER TABLE `auth_user_user_permissions` DISABLE KEYS */;
/*!40000 ALTER TABLE `auth_user_user_permissions` ENABLE KEYS */;
UNLOCK TABLES;

--
-- Table structure for table `django_content_type`
--

DROP TABLE IF EXISTS `django_content_type`;
/*!40101 SET @saved_cs_client     = @@character_set_client */;
/*!50503 SET character_set_client = utf8mb4 */;
CREATE TABLE `django_content_type` (
  `id` int NOT NULL AUTO_INCREMENT,
  `app_label` varchar(100) NOT NULL,
  `model` varchar(100) NOT NULL,
  PRIMARY KEY (`id`),
  UNIQUE KEY `django_content_type_app_label_model_76bd3d3b_uniq` (`app_label`,`model`)
) ENGINE=InnoDB AUTO_INCREMENT=9 DEFAULT CHARSET=utf8mb4 COLLATE=utf8mb4_0900_ai_ci;
/*!40101 SET character_set_client = @saved_cs_client */;

--
-- Dumping data for table `django_content_type`
--

LOCK TABLES `django_content_type` WRITE;
/*!40000 ALTER TABLE `django_content_type` DISABLE KEYS */;
INSERT INTO `django_content_type` VALUES (2,'auth','group'),(1,'auth','permission'),(3,'auth','user'),(4,'contenttypes','contenttype'),(8,'mainsite','datadouyin'),(7,'mainsite','platformdouyin'),(6,'mainsite','user'),(5,'sessions','session');
/*!40000 ALTER TABLE `django_content_type` ENABLE KEYS */;
UNLOCK TABLES;

--
-- Table structure for table `django_migrations`
--

DROP TABLE IF EXISTS `django_migrations`;
/*!40101 SET @saved_cs_client     = @@character_set_client */;
/*!50503 SET character_set_client = utf8mb4 */;
CREATE TABLE `django_migrations` (
  `id` bigint NOT NULL AUTO_INCREMENT,
  `app` varchar(255) NOT NULL,
  `name` varchar(255) NOT NULL,
  `applied` datetime(6) NOT NULL,
  PRIMARY KEY (`id`)
) ENGINE=InnoDB AUTO_INCREMENT=24 DEFAULT CHARSET=utf8mb4 COLLATE=utf8mb4_0900_ai_ci;
/*!40101 SET character_set_client = @saved_cs_client */;

--
-- Dumping data for table `django_migrations`
--

LOCK TABLES `django_migrations` WRITE;
/*!40000 ALTER TABLE `django_migrations` DISABLE KEYS */;
INSERT INTO `django_migrations` VALUES (1,'contenttypes','0001_initial','2023-11-07 06:59:09.217318'),(2,'contenttypes','0002_remove_content_type_name','2023-11-07 06:59:09.250024'),(3,'auth','0001_initial','2023-11-07 06:59:09.514549'),(4,'auth','0002_alter_permission_name_max_length','2023-11-07 06:59:09.538363'),(5,'auth','0003_alter_user_email_max_length','2023-11-07 06:59:09.555261'),(6,'auth','0004_alter_user_username_opts','2023-11-07 06:59:09.573576'),(7,'auth','0005_alter_user_last_login_null','2023-11-07 06:59:09.597920'),(8,'auth','0006_require_contenttypes_0002','2023-11-07 06:59:09.599828'),(9,'auth','0007_alter_validators_add_error_messages','2023-11-07 06:59:09.606855'),(10,'auth','0008_alter_user_username_max_length','2023-11-07 06:59:09.633156'),(11,'auth','0009_alter_user_last_name_max_length','2023-11-07 06:59:09.661655'),(12,'auth','0010_alter_group_name_max_length','2023-11-07 06:59:09.676169'),(13,'auth','0011_update_proxy_permissions','2023-11-07 06:59:09.683333'),(14,'auth','0012_alter_user_first_name_max_length','2023-11-07 06:59:09.711552'),(15,'mainsite','0001_initial','2023-11-07 06:59:09.764526'),(16,'sessions','0001_initial','2023-11-07 06:59:09.789348'),(17,'mainsite','0002_alter_platformdouyin_avatar','2023-11-07 15:25:35.456827'),(18,'mainsite','0003_remove_platformdouyin_status','2023-11-07 17:05:53.663381'),(19,'mainsite','0004_alter_user_status','2023-11-09 11:16:24.876194'),(20,'mainsite','0005_alter_platformdouyin_access_token_and_more','2023-11-10 16:52:21.769370'),(21,'mainsite','0006_alter_platformdouyin_open_id_datadouyin','2023-11-11 09:57:20.181600'),(22,'mainsite','0007_alter_datadouyin_comment_count_and_more','2023-11-11 09:57:20.197983'),(23,'mainsite','0008_alter_datadouyin_cover_alter_datadouyin_share_url','2023-11-11 10:06:25.380092');
/*!40000 ALTER TABLE `django_migrations` ENABLE KEYS */;
UNLOCK TABLES;

--
-- Table structure for table `django_session`
--

DROP TABLE IF EXISTS `django_session`;
/*!40101 SET @saved_cs_client     = @@character_set_client */;
/*!50503 SET character_set_client = utf8mb4 */;
CREATE TABLE `django_session` (
  `session_key` varchar(40) NOT NULL,
  `session_data` longtext NOT NULL,
  `expire_date` datetime(6) NOT NULL,
  PRIMARY KEY (`session_key`),
  KEY `django_session_expire_date_a5c62663` (`expire_date`)
) ENGINE=InnoDB DEFAULT CHARSET=utf8mb4 COLLATE=utf8mb4_0900_ai_ci;
/*!40101 SET character_set_client = @saved_cs_client */;

--
-- Dumping data for table `django_session`
--

LOCK TABLES `django_session` WRITE;
/*!40000 ALTER TABLE `django_session` DISABLE KEYS */;
INSERT INTO `django_session` VALUES ('02by987nma36fr2flloe4qzs64hi7379','eyJpbWFnZV9jb2RlIjoiNzMxNTkiLCJfc2Vzc2lvbl9leHBpcnkiOjYwfQ:1r1G5v:nVisNbx3I1OcJVzDK4TXGIB3lfKPrMpJv0e5beXJ9xk','2023-11-10 09:14:59.123571'),('0ixdg473peczltgd9ee80shmg3rvbma2','eyJpbWFnZV9jb2RlIjoiOTMwMjciLCJfc2Vzc2lvbl9leHBpcnkiOjYwfQ:1r10hg:yLG6XE5WDdqwtxWZHMXKxGcCgWMxDvYZIZMEvNQkAiA','2023-11-09 16:48:56.876110'),('0mivrdvm9gv53g70st427gqt27ctbd4f','eyJpbWFnZV9jb2RlIjoiMTg3NjAiLCJfc2Vzc2lvbl9leHBpcnkiOjYwfQ:1r10Pm:jSaVE0V-aY84XS1Jh3eF-cyh6MPPJgshPPLabeKQQ0U','2023-11-09 16:30:26.730720'),('0uo7zzqbegheh5t163n7taqmgjzwthip','eyJpbWFnZV9jb2RlIjoiOTgxOTkiLCJfc2Vzc2lvbl9leHBpcnkiOjYwfQ:1r0w2t:MrV3e_-pDMcGBGHwtAVnS36TIK4IfC05CBSSu_hBkjI','2023-11-09 11:50:31.039369'),('0wxlpnlu2wfquconwa8fyddd0ig28mdm','eyJpbWFnZV9jb2RlIjoiREVCU0siLCJfc2Vzc2lvbl9leHBpcnkiOjYwfQ:1r0uJl:L9QWualv0Zk9lZd8H9PrDfXi7TDTNYiOLyI_hPpOKM4','2023-11-09 09:59:49.354096'),('0xay5ggjiplrf1nl9z867zjv9d0hv8k8','eyJpbWFnZV9jb2RlIjoiNDczMTEiLCJfc2Vzc2lvbl9leHBpcnkiOjYwfQ:1r11Ma:nnBXtCDBLDjka7Fn_xv6muwMwPj5Fl29ZvwXCwvxJ64','2023-11-09 17:31:12.202315'),('1n1doupc90gzbz5rd12hyksszi0mlyf8','eyJpbWFnZV9jb2RlIjoiTUVJUEQiLCJfc2Vzc2lvbl9leHBpcnkiOjYwfQ:1r0uWg:t0P-x0sbVg8FqhMR1ABVPKYQAtFMvy8LjWFhKkYJuDk','2023-11-09 10:13:10.695591'),('202i89hqei8xdua3sst4wppc7ccmg7u6','eyJpbWFnZV9jb2RlIjoiODUzOTYiLCJfc2Vzc2lvbl9leHBpcnkiOjYwfQ:1r0yjG:Ki92oU7Wv1zCg6c6MpZeXQId73MC3N-GXYgDsaJfh_c','2023-11-09 14:42:26.903553'),('226a49m73dlmo9h99narfddbzr03dp0c','eyJpbWFnZV9jb2RlIjoiOTYxODciLCJfc2Vzc2lvbl9leHBpcnkiOjYwfQ:1r0ylR:upyR52Kn80ARgYiOrK-opd0F_K7gZDRg4rWb0OavITg','2023-11-09 14:44:41.924784'),('227tlydeecq7f92qgb2xky1ckvo57yzs','eyJpbWFnZV9jb2RlIjoiMjk1MTYiLCJfc2Vzc2lvbl9leHBpcnkiOjYwfQ:1r11AK:NvkB4JWgqiW8zeT27SIpMHCbhUUn72qNrI14fKMh8Dc','2023-11-09 17:18:32.199375'),('26dbw9kckudc2agsc1o4fn5dboi843t4','eyJpbWFnZV9jb2RlIjoiMTA0NDciLCJfc2Vzc2lvbl9leHBpcnkiOjYwfQ:1r10Iz:eh55_jak_ULX_whTDGuy1RU4mIS9y7N15wl0o94WLfA','2023-11-09 16:23:25.682777'),('2ok2ivubmzdsf79o8azy25znbn8yn7zr','eyJpbWFnZV9jb2RlIjoiMzE2ODkiLCJfc2Vzc2lvbl9leHBpcnkiOjYwfQ:1r11Iq:8u0sXAYxgyDS81gAPAO3iaJLZ3DvQlV-q0GkhvnnpOc','2023-11-09 17:27:20.899959'),('342nrx1nhlsthjdom2i8vsajx5jf8ikf','eyJpbWFnZV9jb2RlIjoiV0hXREoiLCJfc2Vzc2lvbl9leHBpcnkiOjYwfQ:1r0e3t:GAbBvTGayUWZSDAP_-i-PfOEXzbT7UFA2ZS_D4AG1eQ','2023-11-08 16:38:21.374790'),('3h2idgpm68nfyipu0ccd1hvhvlezabjd','eyJpbWFnZV9jb2RlIjoiMDg1MjMiLCJfc2Vzc2lvbl9leHBpcnkiOjYwfQ:1r0yEL:jS2PujkQ5YqxAF8ArRbwXDPv3-gmjMUCjc7FTiBZ2Kk','2023-11-09 14:10:29.272368'),('3rm1fk3b19ke3mtbhd2x2g1ovo6skkcd','eyJpbWFnZV9jb2RlIjoiSlNTREQiLCJfc2Vzc2lvbl9leHBpcnkiOjYwfQ:1r0ddZ:h3cXibIj3zygHDlH04bRLN05ZG1yCTf2U5qarhVPz-Q','2023-11-08 16:11:09.551086'),('3xxy0yw0am68n48a35eu9o4e89qah988','eyJpbWFnZV9jb2RlIjoiMDk1NDAiLCJfc2Vzc2lvbl9leHBpcnkiOjYwfQ:1r10UV:UrAxWvbhvbCZTOY4CdEz1f1-pZv2d3_aRMbOWuiLXtk','2023-11-09 16:35:19.627692'),('40axk2e5gyf9ja9q0v1fxa87z3f4u5lb','eyJpbWFnZV9jb2RlIjoiODk3MjgiLCJfc2Vzc2lvbl9leHBpcnkiOjYwfQ:1r0zJs:8lXjJe2o9w18M_YEdj7HyZjsc2V56ZVKaiN-riP86D0','2023-11-09 15:20:16.437552'),('4hdcpya51hybwkwlxhe568c6tenowz6h','eyJpbWFnZV9jb2RlIjoiUVZWS1YiLCJfc2Vzc2lvbl9leHBpcnkiOjYwfQ:1r0ujc:GTRCjjbu961S_cudxwFOT7RETA-2fPPuofpaIRnO7S4','2023-11-09 10:26:32.632763'),('4m97pcc4jb0utmmdsn24bzwms1vhar7f','eyJpbWFnZV9jb2RlIjoiTE9aWksiLCJfc2Vzc2lvbl9leHBpcnkiOjYwfQ:1r0vQI:BmOglKBCtCuRO7dcIsqtFrsGSeBA4xAQuzxtcgIKxy4','2023-11-09 11:10:38.252161'),('4vnictnp6fnakl9cmceuxlz2j61ftw30','eyJpbWFnZV9jb2RlIjoiRk5TVU8iLCJfc2Vzc2lvbl9leHBpcnkiOjYwfQ:1r0vTS:aQwLFoH-bapbbGnBUipTD0d8yRk-RlFwF7pjpTQRQ3Q','2023-11-09 11:13:54.393412'),('5vl12op2gmyo29n5qng9wr24hfs9cp9f','eyJpbWFnZV9jb2RlIjoiNjQ2NjYiLCJfc2Vzc2lvbl9leHBpcnkiOjYwfQ:1r11fx:gCsR7CAQiBj3g8ZAGvpf2VM3vCsJAD-HL5eIvoYrI_0','2023-11-09 17:51:13.447977'),('61j31ycnq1yko5xss1w8wea8336awqwq','eyJpbWFnZV9jb2RlIjoiSk9UVVciLCJfc2Vzc2lvbl9leHBpcnkiOjYwfQ:1r0tbf:h83XY6-VMiEi5yWOxar4JFC8hlO3oaef0PRGo-9ljSw','2023-11-09 09:14:15.816620'),('69xrc9dss7bvncwppao1d1a3ogwh989l','eyJpbWFnZV9jb2RlIjoiTlRFUVciLCJfc2Vzc2lvbl9leHBpcnkiOjYwfQ:1r0dsU:YnG1xnQVDPN-xMH1na_Yx_RC7H-IFwG0ECbnBbxC6xk','2023-11-08 16:26:34.094177'),('6ltfd8gocc8tavcjpr144y0k2l1oguf4','eyJpbWFnZV9jb2RlIjoiNTcwNzEiLCJfc2Vzc2lvbl9leHBpcnkiOjYwfQ:1r10Yd:_ct1wzut8w-x1m5szCrOBrMozPlCbORPDJITUYMJtvw','2023-11-09 16:39:35.826196'),('73c6fz0aoeeqfzpgnqpg33pfn40nhyhu','eyJpbWFnZV9jb2RlIjoiODY3NjQiLCJfc2Vzc2lvbl9leHBpcnkiOjYwfQ:1r11Po:iaQ4bklHCLUIN6IAiCfn737jEBaFk2yJsgWJHvFijZQ','2023-11-09 17:34:32.998104'),('75kj8s81s7k3t3pjc7g130c4aor9rdrn','eyJpbWFnZV9jb2RlIjoiSUtOR0kiLCJfc2Vzc2lvbl9leHBpcnkiOjYwfQ:1r0dfu:rjDM4H0-oF4SZ4NNrkaVk5fBDYtdjVDrvMkIoEBbEjc','2023-11-08 16:13:34.481830'),('7nvemu44z412bq1krdeiytaupt3vgm6p','eyJpbWFnZV9jb2RlIjoiMjI0MTciLCJfc2Vzc2lvbl9leHBpcnkiOjYwfQ:1r115N:zsMChwVKGp0YJNk2whMf7XKjrN3SfB-6HOVBPVrVSco','2023-11-09 17:13:25.095621'),('8vjnmeg0t5o07wpi25jmajpp6ws6ucdb','eyJpbWFnZV9jb2RlIjoiMTU2NTciLCJfc2Vzc2lvbl9leHBpcnkiOjYwfQ:1r10uF:8KJm9zMJLUxAcB8-c9B6Dmg8O25mbm2tGceO4hehjzY','2023-11-09 17:01:55.738110'),('8vwycazte90sm6wz5qpx4us2j9ckajcl','eyJpbWFnZV9jb2RlIjoiODM1NDUiLCJfc2Vzc2lvbl9leHBpcnkiOjYwfQ:1r1GAB:bQeDYXsU7Ju2PXwQbyd0gQe-sx7MECQc5HMG0s0O5ms','2023-11-10 09:19:23.985481'),('98q7rb9qy1xulren1w15bpflf871opjl','eyJpbWFnZV9jb2RlIjoiMjQzMDIiLCJfc2Vzc2lvbl9leHBpcnkiOjYwfQ:1r10Cp:fRK3vW0VZ8um71mM4n2EM4vN_OdiFx8QdFXm4oEkqmM','2023-11-09 16:17:03.023326'),('9z94p4qp3ghz8pajb7o1u5baa5z7kmqn','eyJpbWFnZV9jb2RlIjoiSUdISkkiLCJfc2Vzc2lvbl9leHBpcnkiOjYwfQ:1r0te0:9t7b42wJrdUq8yezMl7jVgawUelAFiqhQ5QxlGiPy2o','2023-11-09 09:16:40.112188'),('a2fbw73nw37umhi0nxntcikhl7vp8tf8','eyJpbWFnZV9jb2RlIjoiNDE5NzIiLCJfc2Vzc2lvbl9leHBpcnkiOjYwfQ:1r11RL:TAIoSIvtEzjMP-ykYxqX413XYGpv-7H_zMw1vPr4YXU','2023-11-09 17:36:07.352789'),('aexlxlu9q7xvn92m9nbsbp0cvvpwqc6w','eyJpbWFnZV9jb2RlIjoiWUpWSFAiLCJfc2Vzc2lvbl9leHBpcnkiOjYwfQ:1r0vyJ:aOhKrj_Sxixb3kl-93ZB15umNo41Vl_HhcpBApsPkcE','2023-11-09 11:45:47.109418'),('avxgivkenibo19qkwpf8m6r0jtmkxvrm','eyJpbWFnZV9jb2RlIjoiVlBXWUoiLCJfc2Vzc2lvbl9leHBpcnkiOjYwfQ:1r0eVh:8zTRP5mS70DFj_GaPvdECa7F7jAIKUZOHaHGfBy_mrE','2023-11-08 17:07:05.275409'),('b5jvo7cvw3ccu0008wz0dmsgp4saiitp','eyJpbWFnZV9jb2RlIjoiUVZISUUiLCJfc2Vzc2lvbl9leHBpcnkiOjYwfQ:1r0uiR:hX01hHNbNM4CCPSHWB-N-hFTWwRiWkk95uz90BTDW0E','2023-11-09 10:25:19.280850'),('b7klb4odqz9tx955x4digij5i9u7ndq2','eyJpbWFnZV9jb2RlIjoiS0dOTE4iLCJfc2Vzc2lvbl9leHBpcnkiOjYwfQ:1r0e9D:gWnfa74YMNkrbNd0UjUk0DcT--WX3z5pQfFQmOcVnrs','2023-11-08 16:43:51.090957'),('b9zajgioywo4yqjmviju4qpa9usni5t4','eyJpbWFnZV9jb2RlIjoiOTYyODUiLCJfc2Vzc2lvbl9leHBpcnkiOjYwfQ:1r0zCK:z67sote3qAnN55TbxoN4BZoTxtB6qvu0tNvBOv80TZA','2023-11-09 15:12:28.871466'),('befe997iixm6caecxj95uuq5d6zzh3jr','eyJpbWFnZV9jb2RlIjoiSUxQQUkiLCJfc2Vzc2lvbl9leHBpcnkiOjYwfQ:1r0ur2:PjcjczmObUbbKcgt6e1W2B983fLP4Fmy5iDzJRqhO_M','2023-11-09 10:34:12.077284'),('cb21gw48ivhh7iswzknudw2phrfxtz6h','eyJpbWFnZV9jb2RlIjoiODk3OTAiLCJfc2Vzc2lvbl9leHBpcnkiOjYwfQ:1r109t:K1QThVcQirSWb0NwnOv-ITbNA8r8D7HkXFHgTv97JxA','2023-11-09 16:14:01.160365'),('cfonhzae1rdjwap04vtnj5mxh0ympa0y','eyJpbWFnZV9jb2RlIjoiMjcxNjYiLCJfc2Vzc2lvbl9leHBpcnkiOjYwfQ:1r10Vl:yRpmhpN69EMT0tqcQhG-9-Ql4uA07sbWVR20cwVrVbo','2023-11-09 16:36:37.845959'),('cjvzotbven99fyr7879wxk9dxc7ymhhq','eyJpbWFnZV9jb2RlIjoiODM5ODUiLCJfc2Vzc2lvbl9leHBpcnkiOjYwfQ:1r102m:S4fee2u2KKpkk3NmN-fuO6mpCpBxyTriLmyd059096Y','2023-11-09 16:06:40.247517'),('cpijlzbr6se4p560jcf5pr6oc6khewc9','eyJpbWFnZV9jb2RlIjoiWkxMUEsiLCJfc2Vzc2lvbl9leHBpcnkiOjYwfQ:1r0duk:u6nhemQew_a8wG9c5G8OUdOepNjU-LcwmfM9qmxDk5Y','2023-11-08 16:28:54.034678'),('dpzlg4ukdjn06xfom2jggarau8rs7owk','eyJpbWFnZV9jb2RlIjoiV1BSTEYiLCJfc2Vzc2lvbl9leHBpcnkiOjYwfQ:1r0vaj:N_qZS8TtN0YBVdpUy8lEjzj5b8mHHdIRkT-UY7haQEI','2023-11-09 11:21:25.598806'),('dyifn9312103fwsb4yn13h3o4lb021v6','eyJpbWFnZV9jb2RlIjoiTFdORVgiLCJfc2Vzc2lvbl9leHBpcnkiOjYwfQ:1r0dw3:FcrPOS_PTUin_SVDOc1jVtmzpKSoXfvkGzp1XL69AbI','2023-11-08 16:30:15.990336'),('e3iy6m1ewpzcossoffhm8iw3xahfxib9','eyJpbWFnZV9jb2RlIjoiUVJTS0IiLCJfc2Vzc2lvbl9leHBpcnkiOjYwfQ:1r0eGF:vPz-dwpN4uf4QF7c8aG0IYaxCr2-o1Wq9UuSHGxiGu4','2023-11-08 16:51:07.811420'),('e6tkdx24kqsa2xczz44qig5ft5hv2vj0','.eJwVzE0KgCAQBtC7fGsXo0U_XkYkp5iFGkpQiHev1g9eg0R_sNtyYFjQtNICBVe5VsnJ8X1KeWDHwRCRgqQ9wzZcEmANmUFrmj_RClflknz8Gx-iJPT-Al59HKs:1r2hyC:ZxUGJMyjYjzosHxhbtggVjamOia6aLPNawK6uDgGK9U','2023-11-19 09:12:00.633114'),('ebxt1fd8nitxj84qozlc6yw2nunko0el','eyJpbWFnZV9jb2RlIjoiVE5ZWUIiLCJfc2Vzc2lvbl9leHBpcnkiOjYwfQ:1r0tgc:NLjcICwEobUhGvZBcd-QhBlH6lVk2sVvkZVvWHSa5Ss','2023-11-09 09:19:22.292037'),('ezfdu8me4zj8drh1c2dhuw0kjwyx1yen','eyJpbWFnZV9jb2RlIjoiNDI3OTkiLCJfc2Vzc2lvbl9leHBpcnkiOjYwfQ:1r10eu:2IHLH_hztbqeVdVElZglgteUjxwwpjtHaMbeUa90ZaI','2023-11-09 16:46:04.446628'),('f61msb4vlq2o16p82h4p08r5ldqf19tp','eyJpbWFnZV9jb2RlIjoiVUJHR0siLCJfc2Vzc2lvbl9leHBpcnkiOjYwfQ:1r0eBb:kxN9Xj4avAmf79pG9JYnfzP4FxOG8toqddZvpIsbjEM','2023-11-08 16:46:19.097268'),('fvhekradd94unmuu072qo2zej14hw3e5','.eJwVzEEKgCAQBdC7_LWLGQ0KLyOSU8xCjSQoxLtX6wevQ3PcJaw1CTyYHS8wCE1a01qC3IeeD_zkLBEZaNkqfMelCd6Sdcw0f8IGV5OzxPw3MWUtGOMFW8Qcog:1r1NJI:fxYK5_2GqxlTDgw7Nhe5734_56dT-W8u4rss348k5Nk','2023-11-15 16:56:16.777327'),('g9pvec7yddpv68ydsf8g1ff44ulo0br6','eyJpbWFnZV9jb2RlIjoiMDgxMjMiLCJfc2Vzc2lvbl9leHBpcnkiOjYwfQ:1r0xQU:86A8qOZlK_Ws35pX4ierz_8AT53iQSYkgrj77u89ErI','2023-11-09 13:18:58.629546'),('gges0cpz8pevtdlozo5oljev10j3fozh','eyJpbWFnZV9jb2RlIjoiOTUzMjYiLCJfc2Vzc2lvbl9leHBpcnkiOjYwfQ:1r1140:LX3_dtEJUZGUfNP9OjykeQ_aHW5g562qeMKmvhytXqE','2023-11-09 17:12:00.403744'),('gmtuyqwvtlltqljia2rh5wjmsyc843fq','eyJpbWFnZV9jb2RlIjoiOTU3NzciLCJfc2Vzc2lvbl9leHBpcnkiOjYwfQ:1r10LL:E7-D20EKBMjln3qd2dfmsLyWzQ45sRSDMrdYnkKDhik','2023-11-09 16:25:51.682178'),('gnh2zj7pj9j9yx1k19bqomdiebm0cp3i','eyJpbWFnZV9jb2RlIjoiMzk2OTMiLCJfc2Vzc2lvbl9leHBpcnkiOjYwfQ:1r0w4j:chkc6Xo2AfGt-2eLIf4HpOMEpqAYKl8rmHZeWdc4ZLQ','2023-11-09 11:52:25.056150'),('hbabm7xls8gk3gcp9dig9hx6n7f669yf','eyJpbWFnZV9jb2RlIjoiV0dXQVYiLCJfc2Vzc2lvbl9leHBpcnkiOjYwfQ:1r0vVV:5FVgPz1Mx54UU9RAkNQEV-QmmWyrTzZQjuN0OrvKxG8','2023-11-09 11:16:01.013793'),('ifo5h72lswxxacffuy2q9iwfi35dkrcg','eyJpbWFnZV9jb2RlIjoiTklXVU8iLCJfc2Vzc2lvbl9leHBpcnkiOjYwfQ:1r0vO4:iXcTDoUBAvHXhUOdGzso4UJ_aNEgazNlIkAmYOCASJw','2023-11-09 11:08:20.701071'),('ii14vp5x7zq0clvll48owudx0tobaff4','eyJpbWFnZV9jb2RlIjoiSVZCR1IiLCJfc2Vzc2lvbl9leHBpcnkiOjYwfQ:1r0uHA:alB-dzfmeqK0PprqYI7U580Tho7Nw9McpTqXpG2ErxY','2023-11-09 09:57:08.055123'),('ilfb46g26ablhhnkz0zvkrzitews2j9g','eyJpbWFnZV9jb2RlIjoiRkxVTk4iLCJfc2Vzc2lvbl9leHBpcnkiOjYwfQ:1r0v2X:jEHxqfXpuGq-Uk_2LbScx8P3LH1WYAREKZG5Vu7p1DU','2023-11-09 10:46:05.518744'),('ilojyrgv6b4s8dhft19z4g2ku0fyqauu','eyJpbWFnZV9jb2RlIjoiNDg3MzkiLCJfc2Vzc2lvbl9leHBpcnkiOjYwfQ:1r11hb:8qojh040WEuqZjV8k1EpUN3gwKp-asqTt8JX7U5ulos','2023-11-09 17:52:55.796271'),('jbl20j2tlq4qfxrdb6fzevvbuwnafjla','eyJpbWFnZV9jb2RlIjoiNTAzMjIiLCJfc2Vzc2lvbl9leHBpcnkiOjYwfQ:1r111W:OkymwkdIOTiamHYnTBa1ZcXc1NOXyydQMbqpyU3V4nw','2023-11-09 17:09:26.670537'),('k0vkzdl6fp059v3aliyy6j8fjsl0x4w7','eyJpbWFnZV9jb2RlIjoiWVFOVE0iLCJfc2Vzc2lvbl9leHBpcnkiOjYwfQ:1r0uzA:DEmTazjYEVM2_cfFAiWVTLvJuwFaSHPQGB7BX59Up-E','2023-11-09 10:42:36.225958'),('kfyu9wzhulvan8x8g5dw3aonqid91kfw','eyJpbWFnZV9jb2RlIjoiMDY2OTYiLCJfc2Vzc2lvbl9leHBpcnkiOjYwfQ:1r0zzu:WnyjMPG8vrA3f_c1XmFhue8g09Z2vjK_m5_2NPL_x6I','2023-11-09 16:03:42.808654'),('kiodakiulwbwhg0bbq0dcjnllmk3uxsi','eyJpbWFnZV9jb2RlIjoiTlNQQVkiLCJfc2Vzc2lvbl9leHBpcnkiOjYwfQ:1r0sxO:T0mpI1FmOjD2xxoWRceyG81E2NWoDOZ4aHuldhzXItY','2023-11-09 08:32:38.213193'),('kr70vk3lufwgi93e1f16nllt7h8pu5ed','eyJpbWFnZV9jb2RlIjoiSUtKU0EiLCJfc2Vzc2lvbl9leHBpcnkiOjYwfQ:1r0dgU:H8T7smUp6VN32VZeIspyBNeXWjJl9paNRmkUVHqEqO8','2023-11-08 16:14:10.070033'),('l15j36sj8ktq697pb9h23oassdwychu7','eyJpbWFnZV9jb2RlIjoiMTk3MjMiLCJfc2Vzc2lvbl9leHBpcnkiOjYwfQ:1r10Tf:YAS7-PylDv3j-giX01PvUAz13TdvXmUdyo8fHis7WpU','2023-11-09 16:34:27.263732'),('l3nzsowd9fkdvog3i1iuqkahtuh0zp8s','eyJpbWFnZV9jb2RlIjoiMjI5NDkiLCJfc2Vzc2lvbl9leHBpcnkiOjYwfQ:1r0ztD:pN4_9JzmLXkXYBRWPz1tOf4p411QZ9VedXFhTA00a74','2023-11-09 15:56:47.708133'),('l425nwfdvocubiliy5osxl7242furhdp','eyJpbWFnZV9jb2RlIjoiMzU0NTYiLCJfc2Vzc2lvbl9leHBpcnkiOjYwfQ:1r11KN:mS-oqSC7F_bIlF6LKUoJ_LUn4X0Hz-bPulHH83npsuQ','2023-11-09 17:28:55.192130'),('ltukfo75z1xz5yq3ns6ehnk38xs3xos4','eyJpbWFnZV9jb2RlIjoiTUhOTkMiLCJfc2Vzc2lvbl9leHBpcnkiOjYwfQ:1r0tvv:BElBNb_JAairr8HeLzCwgU8Izjiuz_LCdRs1mayr7LU','2023-11-09 09:35:11.107776'),('mlfa103c4n5yo2e934qdajguhsgfoqe4','eyJpbWFnZV9jb2RlIjoiODY4NjYiLCJfc2Vzc2lvbl9leHBpcnkiOjYwfQ:1r0zFR:JMnmgrbqnBKRym2PbOogp36QARzYuNk65-9wrRmtzQk','2023-11-09 15:15:41.471473'),('ndujrb7douy0pzqczv068zadpxsfzaqp','eyJpbWFnZV9jb2RlIjoiODUwNTIiLCJfc2Vzc2lvbl9leHBpcnkiOjYwfQ:1r10pS:OF6QXR5_2UUfdBKPk0mrHWSpsfmbtpE1mc5KNv-3AKM','2023-11-09 16:56:58.924922'),('ngn670147gcwz5vx35o7kq230ysj1wsd','eyJpbWFnZV9jb2RlIjoiSk9IVFgiLCJfc2Vzc2lvbl9leHBpcnkiOjYwfQ:1r0uSO:-RDyrrADPtV7nONByZKAZO2J_FJJnViYoExKyYLxA-g','2023-11-09 10:08:44.941160'),('opp2mwri4k7byu4v13z3wsa2egcnlj5p','eyJpbWFnZV9jb2RlIjoiNjAyNDciLCJfc2Vzc2lvbl9leHBpcnkiOjYwfQ:1r110G:XM6pO6ZxWPjkHBgd-FtPlSfKytsv6BYUG8j6ExGMkEA','2023-11-09 17:08:08.950759'),('opz7899dawytij67c3v5gx5kxa4uguj5','eyJpbWFnZV9jb2RlIjoiQUFEQVkiLCJfc2Vzc2lvbl9leHBpcnkiOjYwfQ:1r0uYV:1UkFeMl0CLUTavfD8cCoT_uT5u-MuUuPK17_vGIz928','2023-11-09 10:15:03.273524'),('oqsbie5n7acmit47pzcnugzd6t0k55bd','eyJpbWFnZV9jb2RlIjoiMDU4NDgiLCJfc2Vzc2lvbl9leHBpcnkiOjYwfQ:1r1GDF:O0-AmGy7fHmGJNIXauJHH3cpDFAPFNl-0fpSPCYeQnk','2023-11-10 09:22:33.970761'),('pe0qmwlselbaqskpu3f8zvoz0v7zcov1','eyJpbWFnZV9jb2RlIjoiWktIR1ciLCJfc2Vzc2lvbl9leHBpcnkiOjYwfQ:1r0dq3:zrdMcohera8Syjjk_Ko6RtwzesVcrY-CUQhgu0iQ4eg','2023-11-08 16:24:03.109405'),('pog5oct0ge37nmpghxkutirwab13j1np','eyJpbWFnZV9jb2RlIjoiS0hHWFgiLCJfc2Vzc2lvbl9leHBpcnkiOjYwfQ:1r0uVD:NBs0RAzr5HO0FxkG6p8T7xk72jErC9__FlnxHGS7fNU','2023-11-09 10:11:39.485044'),('pu9kkgxmsf5q3teruynenefevx09vl2p','eyJpbWFnZV9jb2RlIjoiMjc0NjYiLCJfc2Vzc2lvbl9leHBpcnkiOjYwfQ:1r10Fy:vuDT-hzndCOffqYeMoqkiivP4Ap_LDtSmG8gw8-ZWV0','2023-11-09 16:20:18.075977'),('qei0gg16rcwo1o5vx5t0rcdo5m3wwyxj','eyJpbWFnZV9jb2RlIjoiMDY3OTMiLCJfc2Vzc2lvbl9leHBpcnkiOjYwfQ:1r10ga:KKs_njTPJIsxqATwxgQeXk75a8aKC9MI2rL7O_STRas','2023-11-09 16:47:48.847298'),('qg82r3av2694cs80vbgfj76ej6a590m9','eyJpbWFnZV9jb2RlIjoiODg3NTYiLCJfc2Vzc2lvbl9leHBpcnkiOjYwfQ:1r1Fmh:fWhyKWxryv1gXL35V-4wA5D_sacTtayFA-Zl0FSFBsA','2023-11-10 08:55:07.069384'),('r0xmruh6msh84cgxp7u7ruz42ah1k0dn','eyJpbWFnZV9jb2RlIjoiT09LQVAiLCJfc2Vzc2lvbl9leHBpcnkiOjYwfQ:1r0tqC:m65b0BKS2wNJuFnt77GwclYZdoRVGj1UkoKOpLO966g','2023-11-09 09:29:16.888502'),('r1lqhhdiic0r4xgvegusjkfr6r7g49uy','eyJpbWFnZV9jb2RlIjoiREJRTUkiLCJfc2Vzc2lvbl9leHBpcnkiOjYwfQ:1r0uN7:Dh9oNMfocMIgRDOl8x46oLPlAS72szYNa7ILQbD0gU8','2023-11-09 10:03:17.791855'),('r848skui6483agk16zou6ndw7a007264','eyJpbWFnZV9jb2RlIjoiUUlBRUoiLCJfc2Vzc2lvbl9leHBpcnkiOjYwfQ:1r0ug7:WcdoyyWQPqgHEk1rNOR-0Uh7wuO3-DmV5YIEb8HLTGE','2023-11-09 10:22:55.140252'),('rlj7yj9bm9f2qi3mrceypovkhif1lh4w','eyJpbWFnZV9jb2RlIjoiODIwMzkiLCJfc2Vzc2lvbl9leHBpcnkiOjYwfQ:1r0z58:PhLVR62SSROvuhkvKbusEtvrHHCgnccHhbyW4tANOiA','2023-11-09 15:05:02.393844'),('ryuy1zglv2qp21j9fgurc39pmfzaa5bm','eyJpbWFnZV9jb2RlIjoiNTM0MTAiLCJfc2Vzc2lvbl9leHBpcnkiOjYwfQ:1r11Go:YvwumnI3Fg0M4U1UabPgid7nQRicKwZNJjHRtf_1hRk','2023-11-09 17:25:14.640573'),('s20encm21toqkt4h8xbv4bwkajkrepoq','eyJpbWFnZV9jb2RlIjoiNjkyODAiLCJfc2Vzc2lvbl9leHBpcnkiOjYwfQ:1r10r0:xC_868NBBBynCf9BApdbquAyT-tL1cbZU6Pr-94VuLs','2023-11-09 16:58:34.822906'),('srooihb9rnz0luphc9wsvdgo4bm536p8','eyJpbWFnZV9jb2RlIjoiRllLTVEiLCJfc2Vzc2lvbl9leHBpcnkiOjYwfQ:1r0usf:hBP22GV63M3-5B-qN6hutF25drryS3lW1sidWw0Kn80','2023-11-09 10:35:53.681311'),('sw35633xvqs89rkj4gijaimt8upyvys4','eyJpbWFnZV9jb2RlIjoiU0NETlYiLCJfc2Vzc2lvbl9leHBpcnkiOjYwfQ:1r0uDT:S7cSm2pf6w7p0ep8ifV9WmPF9eBXW6JV-FaXl7-gte4','2023-11-09 09:53:19.917827'),('sw92i9p3sot0nqpiscoeox2rt5dsbp8w','eyJpbWFnZV9jb2RlIjoiSklGVkwiLCJfc2Vzc2lvbl9leHBpcnkiOjYwfQ:1r0eDS:4J46m0hTWPmbE9JZR6Ye4iyeHY0bImdvXghcnYdt32s','2023-11-08 16:48:14.564957'),('t6g05n5dywjgvpabu0qua4vfhl2o8d5m','eyJpbWFnZV9jb2RlIjoiSE1aQkEiLCJfc2Vzc2lvbl9leHBpcnkiOjYwfQ:1r0uuy:fmLj7MIJ2QlSNvC_wOyZQcMcHP0xkwabYEEtOSSXM-Y','2023-11-09 10:38:16.197569'),('u6sqgreq7p7tp03xai1uajfxjncy18cm','eyJpbWFnZV9jb2RlIjoiNDU1OTkiLCJfc2Vzc2lvbl9leHBpcnkiOjYwfQ:1r0ymb:Z2yYGHW1eRedYGwOOFI48H3h7c4T1liW_vPQD-HbUkg','2023-11-09 14:45:53.316716'),('ummblp99ycaum7u9xokkoc6ir036zrvw','eyJpbWFnZV9jb2RlIjoiNDU4MjkiLCJfc2Vzc2lvbl9leHBpcnkiOjYwfQ:1r0zqK:BGbjBL9QS9PJsnzBdAovJZBlVjvlJOovR3L55__BWXA','2023-11-09 15:53:48.193461'),('umt4oh57jch2os4bm7k2zhpqv39x8pdj','eyJpbWFnZV9jb2RlIjoiU0lCREgiLCJfc2Vzc2lvbl9leHBpcnkiOjYwfQ:1r0vN3:IbHNMWUzU-2KZ8_a2IrOraY74yYcO9A2mm15t4arvAo','2023-11-09 11:07:17.564438'),('uxgl29cdbbgbtpur31kqd0y2ig2is93y','eyJpbWFnZV9jb2RlIjoiUVhCUE4iLCJfc2Vzc2lvbl9leHBpcnkiOjYwfQ:1r0v60:JrNVW6G5bQgTFMjAZGsjRCRxIOmA8YzqfDGkhg3UUxk','2023-11-09 10:49:40.057808'),('uzjapx8jsbxyqp2d4axssh09lvlycgqo','eyJpbWFnZV9jb2RlIjoiMTMyODYiLCJfc2Vzc2lvbl9leHBpcnkiOjYwfQ:1r10dj:iaf3YB-pYikXHKJM5oUW5KrFis7n4TZhk2Kmw8JtaPs','2023-11-09 16:44:51.843815'),('v9e3r1q9p9owkkvhlywxiffq37hfjlwv','eyJpbWFnZV9jb2RlIjoiOTQ3MjYiLCJfc2Vzc2lvbl9leHBpcnkiOjYwfQ:1r0yRQ:sLt8Ipf3FHi6FpXVQ4F-VTwkheazb3XugH-xU5CwPBo','2023-11-09 14:24:00.737739'),('vjmmbwgjn5fv3t4l2wzo5lmrtppijrtt','.eJwVzEEKgCAQBdC7_LWL0QrJy4jkFLNQQwkK8e7V-sHrkBQO9luJDIdltdZCwTduTUr2fJ9SH7h5MkSkIHkvcB2XRDhDZtKa7Cda4Wpcc0h_E2KSjDFeYiEctw:1r1KLc:MeOyZiJMOvVaBFToHKb39kUZkRbSfgSH3DGhzpnKWeo','2023-11-15 13:46:28.342854'),('vnpe8wvu2r6sqnv5s8t1ai0hdsb8t3h7','eyJpbWFnZV9jb2RlIjoiNDkyNTciLCJfc2Vzc2lvbl9leHBpcnkiOjYwfQ:1r0z34:hJQMAikpflh8lQ29YptoDMlmqMdHdWkmzX2v3lgSYWY','2023-11-09 15:02:54.813961'),('vwnjji2ijrheyb2lko5k3sbkq0rniw37','eyJpbWFnZV9jb2RlIjoiNDg2OTMiLCJfc2Vzc2lvbl9leHBpcnkiOjYwfQ:1r0ypD:xpFdYILvcIR-XHMJ3J4nh56Auhm5MDpDlz1i5mvMsJg','2023-11-09 14:48:35.448633'),('wapk3jdc10kd0p6wr5ka30fuzpct5o6z','eyJpbWFnZV9jb2RlIjoiWFFHTkMiLCJfc2Vzc2lvbl9leHBpcnkiOjYwfQ:1r0eX2:Xn4c1dZ4docXd0Al1QYjFGk6TsJWJWIG5e_HS5tRW0U','2023-11-08 17:08:28.005108'),('wed5xeqqviu844dfshl63qf4cj5x47t1','eyJpbWFnZV9jb2RlIjoiR0pXREQiLCJfc2Vzc2lvbl9leHBpcnkiOjYwfQ:1r0ub7:cryNXBuMZiRSQwZQKKzcvBZ61JZxjyURFIoUYsvRGbI','2023-11-09 10:17:45.738202'),('wh35cacc1a5jl68cr1v6oiqrf2rxbhx5','eyJpbWFnZV9jb2RlIjoiMDQzMjAiLCJfc2Vzc2lvbl9leHBpcnkiOjYwfQ:1r0wHW:_5JpIgJIpMdq62ZMfsy1cs2I2Lhl9g-PiRtT__WSl0s','2023-11-09 12:05:38.019847'),('woow9ekrp1rk2nyofvrkqwui19l6w0lq','eyJpbWFnZV9jb2RlIjoiVENSRVoiLCJfc2Vzc2lvbl9leHBpcnkiOjYwfQ:1r0v0e:0fZg-fYo3XyQwk9xS3T5H2aOp4A-UgKr4rRCK-t-Joo','2023-11-09 10:44:08.728018'),('wyh956vd5j7vass2c3sunwot1zz8i45r','eyJpbWFnZV9jb2RlIjoiMzQ5MDAiLCJfc2Vzc2lvbl9leHBpcnkiOjYwfQ:1r11ew:KqJzNbirLGyCcJxzEm0sdzLkNBWOuWjumpz9dx5U9yA','2023-11-09 17:50:10.767195'),('xa2fopc29x46zcr5h1j2hs0hc7rnedga','eyJpbWFnZV9jb2RlIjoiMDAyMzciLCJfc2Vzc2lvbl9leHBpcnkiOjYwfQ:1r10Nd:0J08bVHvwS6CyvxAOBZHacdP_BAcNnKuariJkGp8v54','2023-11-09 16:28:13.404979'),('xc8gkdp92zu51pp5jnw2gpbifhzltqil','eyJpbWFnZV9jb2RlIjoiNTc5OTciLCJfc2Vzc2lvbl9leHBpcnkiOjYwfQ:1r10y5:E_gPzCahrGaNgKkT7_epHdqcPNzxsCDhHilS2T2DSs8','2023-11-09 17:05:53.627449'),('xt4vj34n3rusp2dhet7oygbuaooxkfz6','eyJpbWFnZV9jb2RlIjoiT0VXS0siLCJfc2Vzc2lvbl9leHBpcnkiOjYwfQ:1r0vXr:Jv2T_Bu1KzivifiA02H7vmL5Yk44cEVXILf0Z1VuM9c','2023-11-09 11:18:27.501101'),('xtqpdah95qlyro8lw3phye378rn38dwc','eyJpbWFnZV9jb2RlIjoiNjgwMTUiLCJfc2Vzc2lvbl9leHBpcnkiOjYwfQ:1r10x5:sJ8uYv8-niFEnR4l0yZX6cK57GJz6jA2rmIm02P8jJM','2023-11-09 17:04:51.874230'),('y0kubgmyfdp08eb3v1xrk0agoyy63umi','eyJpbWFnZV9jb2RlIjoiQ0lPWVAiLCJfc2Vzc2lvbl9leHBpcnkiOjYwfQ:1r0eF7:zU-TpEAy_8oI96hmvi734d-1X1PlgDiTJ7JyZw0nnCc','2023-11-08 16:49:57.509024'),('y87f45eiye461g9ddmw1gf3xm8jbbjhw','eyJpbWFnZV9jb2RlIjoiS1ZUVVUiLCJfc2Vzc2lvbl9leHBpcnkiOjYwfQ:1r0umZ:ryW_MNWKOOsFHM2shPp0QrSCUWPSmVpQtbN4H-MU3zc','2023-11-09 10:29:35.324510'),('yi954gnhfj3f4z7wytboqufg36n58jcf','eyJpbWFnZV9jb2RlIjoiR01LRlIiLCJfc2Vzc2lvbl9leHBpcnkiOjYwfQ:1r0eJ9:YJoDGiwteJ65L_9bN8Gr3Q6nwAsLmXudKs7rh7aqmKI','2023-11-08 16:54:07.436777'),('ymwkkd4ftu3xs4p505mbgn1oy8vp3vun','eyJpbWFnZV9jb2RlIjoiMTM5MDQiLCJfc2Vzc2lvbl9leHBpcnkiOjYwfQ:1r10Zf:QvaYkij-hVjG-6kHx1OtfETgOtds0kjRW1mRbKL-tWU','2023-11-09 16:40:39.677670'),('z3qb32moehg65qizcw5tjk479r0sb6oe','eyJpbWFnZV9jb2RlIjoiMTU0NzciLCJfc2Vzc2lvbl9leHBpcnkiOjYwfQ:1r0z6J:U4pODVa6WJZpuQnPahDfOvCOzwvFkJSjsvqafR51ddk','2023-11-09 15:06:15.158843'),('zembq2fqgshhalvj4x53rzetwlzonl7f','eyJpbWFnZV9jb2RlIjoiMTk0MzgiLCJfc2Vzc2lvbl9leHBpcnkiOjYwfQ:1r11FT:Il07HjShF_FW4Tw6K-yGdnsF06bmc6nB2R4A4Cx9KmU','2023-11-09 17:23:51.756198'),('zog5lerfh8mxh4ydxb6xnwtmdrpqzlvh','eyJpbWFnZV9jb2RlIjoiNDAwMzciLCJfc2Vzc2lvbl9leHBpcnkiOjYwfQ:1r0zrg:GXc9UB2f0DzOjO_3XjiPM5ufBXc344QiIxT3eW17Gu4','2023-11-09 15:55:12.525432'),('zpccwr53lckkb2zhk0a4quwbbdt80ngj','eyJpbWFnZV9jb2RlIjoiOTI4MDkiLCJfc2Vzc2lvbl9leHBpcnkiOjYwfQ:1r1G2Z:zS4n9cwDXkohSGBEKB1kiwJVGlBGHvUa4axYtHRnsM0','2023-11-10 09:11:31.225083');
/*!40000 ALTER TABLE `django_session` ENABLE KEYS */;
UNLOCK TABLES;

--
-- Table structure for table `mainsite_datadouyin`
--

DROP TABLE IF EXISTS `mainsite_datadouyin`;
/*!40101 SET @saved_cs_client     = @@character_set_client */;
/*!50503 SET character_set_client = utf8mb4 */;
CREATE TABLE `mainsite_datadouyin` (
  `item_id` varchar(255) NOT NULL,
  `title` varchar(255) NOT NULL,
  `video_status` smallint NOT NULL,
  `create_time` varchar(64) NOT NULL,
  `media_type` smallint NOT NULL,
  `cover` varchar(500) NOT NULL,
  `is_top` tinyint(1) NOT NULL,
  `share_url` varchar(500) NOT NULL,
  `comment_count` int NOT NULL,
  `digg_count` int NOT NULL,
  `download_count` int NOT NULL,
  `forward_count` int NOT NULL,
  `play_count` int NOT NULL,
  `share_count` int NOT NULL,
  `open_id_id` varchar(255) NOT NULL,
  `uid_id` bigint NOT NULL,
  PRIMARY KEY (`item_id`),
  KEY `mainsite_datadouyin_open_id_id_4b0796b0_fk_mainsite_` (`open_id_id`),
  KEY `mainsite_datadouyin_uid_id_88775567_fk_mainsite_user_uid` (`uid_id`),
  CONSTRAINT `mainsite_datadouyin_open_id_id_4b0796b0_fk_mainsite_` FOREIGN KEY (`open_id_id`) REFERENCES `mainsite_platformdouyin` (`open_id`),
  CONSTRAINT `mainsite_datadouyin_uid_id_88775567_fk_mainsite_user_uid` FOREIGN KEY (`uid_id`) REFERENCES `mainsite_user` (`uid`)
) ENGINE=InnoDB DEFAULT CHARSET=utf8mb4 COLLATE=utf8mb4_0900_ai_ci;
/*!40101 SET character_set_client = @saved_cs_client */;

--
-- Dumping data for table `mainsite_datadouyin`
--

LOCK TABLES `mainsite_datadouyin` WRITE;
/*!40000 ALTER TABLE `mainsite_datadouyin` DISABLE KEYS */;
INSERT INTO `mainsite_datadouyin` VALUES ('@9VwUxeSUWJ9lMiXzco1kRc79123gPv2BOJV1qA2kLlkVZ/X/60zdRmYqig357zEBFNwyVGr3bZVztYWD12Ml9A==','#四叶天代理',1,'2023-10-13 16:14:01',4,'https://p26-sign.douyinpic.com/tos-cn-p-0015/oQ5VfPgLnQhEaRTwAdeCDh984BbrlvAID7gcAK~c5_300x400.jpeg?x-expires=1701068400&x-signature=AhUq2Bl9thRsgU8MY86GwvGnNZg%3D&from=3213915784_large&s=PackSourceEnum_PUBLISH&se=false&sc=cover&biz_tag=aweme_video&l=20231113150233716112392219190B8EA1',0,'https://www.iesdouyin.com/share/video/7289353304172186943/?region=CN&mid=7289353418551200569&u_code=250cbek8656c&did=MS4wLjABAAAANwkJuWIRFOzg5uCpDRpMj4OX-QryoDgn-yYlXQnRwQQ&iid=MS4wLjABAAAANwkJuWIRFOzg5uCpDRpMj4OX-QryoDgn-yYlXQnRwQQ&with_sec_did=1&titleType=title&share_sign=j8KlE4v6lrSBmRKcOPfyXBuyJ5tcWXWTKueom548lNE-&share_version=230200&ts=1699858953&from_aid=1128&from_ssr=1',0,0,0,0,68,0,'_000k75I4Y4kVLb9WJdcliUhUr7nJHFtTugR',202311070001),('@9VwUxeSUWJ9lMiXzco1kRc79123gPvmHMpJ4qg+mLVgUZvj760zdRmYqig357zEBQo5pDbp2kODxpbocUgyGpA==','IP地址池有效解决动态IP地址重复问题 #四叶天代理 #ip #地址 #动态 #网络设备 #网络',1,'2023-10-13 13:49:10',4,'https://p3-sign.douyinpic.com/tos-cn-p-0015/oE8AmolIohgnBBU2g8ClNbDkeAA9gAKcUvf89E~c5_300x400.jpeg?x-expires=1701068400&x-signature=5heMti8NyokSxmt5w4TJZ6XROdc%3D&from=3213915784_large&s=PackSourceEnum_PUBLISH&se=false&sc=cover&biz_tag=aweme_video&l=20231113150233716112392219190B8EA1',0,'https://www.iesdouyin.com/share/video/7289315979350297897/?region=CN&mid=7289316084690307898&u_code=250cbek8656c&did=MS4wLjABAAAANwkJuWIRFOzg5uCpDRpMj4OX-QryoDgn-yYlXQnRwQQ&iid=MS4wLjABAAAANwkJuWIRFOzg5uCpDRpMj4OX-QryoDgn-yYlXQnRwQQ&with_sec_did=1&titleType=title&share_sign=xoUX4ktAT7QDzcRps5SNjYjUgOEpb2gL.Fd13a7sieY-&share_version=230200&ts=1699858953&from_aid=1128&from_ssr=1',0,3,0,13,497,0,'_000k75I4Y4kVLb9WJdcliUhUr7nJHFtTugR',202311070001),('@9VwUxeSUWJ9lMiXzco1kRc79123hO/iEM5Z5qg6mLVMVbfD560zdRmYqig357zEB03jU+xSjgM2NaVPhHFOuow==','网络连接中的动态IP每次连接自动切换 #四叶天代理 #ip #dhcp #地址 #切换 #动态',1,'2023-10-11 15:57:08',4,'https://p6-sign.douyinpic.com/tos-cn-p-0015/oYPACk8JxEnBH0BAVemgbNDjlmIJ9JfANcVlVB~c5_300x400.jpeg?x-expires=1701068400&x-signature=lAe3ZE9%2BlfbZOW5LAfUS%2FY3Ffss%3D&from=3213915784_large&s=PackSourceEnum_PUBLISH&se=false&sc=cover&biz_tag=aweme_video&l=20231113150233716112392219190B8EA1',0,'https://www.iesdouyin.com/share/video/7288606838340226315/?region=CN&mid=7288606897238379320&u_code=250cbek8656c&did=MS4wLjABAAAANwkJuWIRFOzg5uCpDRpMj4OX-QryoDgn-yYlXQnRwQQ&iid=MS4wLjABAAAANwkJuWIRFOzg5uCpDRpMj4OX-QryoDgn-yYlXQnRwQQ&with_sec_did=1&titleType=title&share_sign=OClf6BUJu0aJrLoyEIc9o.CfkcqH.4tcrxwVR_YsvQQ-&share_version=230200&ts=1699858953&from_aid=1128&from_ssr=1',0,1,0,23,599,0,'_000k75I4Y4kVLb9WJdcliUhUr7nJHFtTugR',202311070001),('@9VwUxeSUWJ9lMiXzco1kRc79123hOPqHPZd1qQ+kJlMUafn860zdRmYqig357zEBgdNule0wLIjJioUaQAF+5w==','网络管理员可设置动态IP租约时间 #四叶天代理 #ip #dhcp #地址 #切换 #动态',1,'2023-10-11 10:42:19',4,'https://p3-sign.douyinpic.com/tos-cn-p-0015/oogdyDg7lA0UFUBLAnB8ZMfJeEuIDQb9xApqMG~c5_300x400.jpeg?x-expires=1701068400&x-signature=KdakgvVZ5TfOT70RalYgbftxBVE%3D&from=3213915784_large&s=PackSourceEnum_PUBLISH&se=false&sc=cover&biz_tag=aweme_video&l=20231113150233716112392219190B8EA1',0,'https://www.iesdouyin.com/share/video/7288525624052927780/?region=CN&mid=7288525759017274167&u_code=250cbek8656c&did=MS4wLjABAAAANwkJuWIRFOzg5uCpDRpMj4OX-QryoDgn-yYlXQnRwQQ&iid=MS4wLjABAAAANwkJuWIRFOzg5uCpDRpMj4OX-QryoDgn-yYlXQnRwQQ&with_sec_did=1&titleType=title&share_sign=pPQPpipr0TkXzMOTkOWYheSyRs95nn1EBn7hwGdpp9A-&share_version=230200&ts=1699858953&from_aid=1128&from_ssr=1',0,1,0,0,744,0,'_000k75I4Y4kVLb9WJdcliUhUr7nJHFtTugR',202311070001),('@9VwUxeSUWJ9lMiXzco1kRc79123hP/iAOJJxrw6nKVYUa/n860zdRmYqig357zEBnqPoGcIXA840Y4sidGxzuw==','#四叶天代理',1,'2023-10-10 13:48:00',4,'https://p3-sign.douyinpic.com/tos-cn-p-0015/ooO1CenU9AA8JI1CnkDEqWBA5BfgYJnjJlbi2k~c5_300x400.jpeg?x-expires=1701068400&x-signature=vopmqGSiewYQDI41dwSHlk4eT6w%3D&from=3213915784_large&s=PackSourceEnum_PUBLISH&se=false&sc=cover&biz_tag=aweme_video&l=20231113150233716112392219190B8EA1',0,'https://www.iesdouyin.com/share/video/7288202370641677580/?region=CN&mid=7288202525247851323&u_code=250cbek8656c&did=MS4wLjABAAAANwkJuWIRFOzg5uCpDRpMj4OX-QryoDgn-yYlXQnRwQQ&iid=MS4wLjABAAAANwkJuWIRFOzg5uCpDRpMj4OX-QryoDgn-yYlXQnRwQQ&with_sec_did=1&titleType=title&share_sign=XSJMXeIopa6275TK7oS8TMQaTxhnMNNLch8IetI0WjM-&share_version=230200&ts=1699858953&from_aid=1128&from_ssr=1',0,1,0,0,296,0,'_000k75I4Y4kVLb9WJdcliUhUr7nJHFtTugR',202311070001),('@9VwUxeSUWJ9lMiXzco1kRc79123hP/mEO5B4oQmiJlARbvD160zdRmYqig357zEBmghItbKdbwJtI3HpB8wevQ==','#四叶天代理',1,'2023-10-10 14:41:02',4,'https://p26-sign.douyinpic.com/tos-cn-p-0015/oI2wgPQ7hfZgyfETvYQzTAxeSffxuftFTMcAAI~c5_300x400.jpeg?x-expires=1701068400&x-signature=FAUExpKUtGCfoR3cTCmYt7FGxwg%3D&from=3213915784_large&s=PackSourceEnum_PUBLISH&se=false&sc=cover&biz_tag=aweme_video&l=20231113150233716112392219190B8EA1',0,'https://www.iesdouyin.com/share/video/7288216059834912019/?region=CN&mid=7288216183659252535&u_code=250cbek8656c&did=MS4wLjABAAAANwkJuWIRFOzg5uCpDRpMj4OX-QryoDgn-yYlXQnRwQQ&iid=MS4wLjABAAAANwkJuWIRFOzg5uCpDRpMj4OX-QryoDgn-yYlXQnRwQQ&with_sec_did=1&titleType=title&share_sign=Ng6Xl9uRj_EDSKD_nvJdyNQxCr26IBdqpkuWbmb.54Q-&share_version=230200&ts=1699858953&from_aid=1128&from_ssr=1',0,0,0,0,372,0,'_000k75I4Y4kVLb9WJdcliUhUr7nJHFtTugR',202311070001),('@9VwUxeSUWJ9lMiXzco1kRc79123uOf2BOJVyrQqnKFARZ/T860zdRmYqig357zEBJXstSeiW9aA0c/zi81ARKg==','网络IP冲突原因揭秘手动设置和网络分配两方面！ #四叶天代理 #ip #冲突 #地址 #网络 #动态',1,'2023-10-08 13:21:13',4,'https://p11-sign.douyinpic.com/tos-cn-p-0015/oEhRnbPeBDGaIEPxfBKAeCOiE37HAKNwUBiVY2~c5_300x400.jpeg?x-expires=1701068400&x-signature=tScN35pz%2F9Zf4Db5ZerPMT6xbjM%3D&from=3213915784_large&s=PackSourceEnum_PUBLISH&se=false&sc=cover&biz_tag=aweme_video&l=20231113150233716112392219190B8EA1',0,'https://www.iesdouyin.com/share/video/7287453303401712950/?region=CN&mid=7287453465956404023&u_code=250cbek8656c&did=MS4wLjABAAAANwkJuWIRFOzg5uCpDRpMj4OX-QryoDgn-yYlXQnRwQQ&iid=MS4wLjABAAAANwkJuWIRFOzg5uCpDRpMj4OX-QryoDgn-yYlXQnRwQQ&with_sec_did=1&titleType=title&share_sign=j2xkyZP34RSvTKzQcn9suqY5P37xVjSCjN.UVOtdqD0-&share_version=230200&ts=1699858953&from_aid=1128&from_ssr=1',0,2,0,0,652,0,'_000k75I4Y4kVLb9WJdcliUhUr7nJHFtTugR',202311070001),('@9VwUxeSUWJ9lMiXzco1kRc79123uOPmHPZ1wrQ+nKlMUavb060zdRmYqig357zEBKTQCE7aB6BP+VQa5xGJ5rw==','#四叶天代理',1,'2023-10-08 17:23:07',4,'https://p11-sign.douyinpic.com/tos-cn-p-0015/oIhVIN0tTPgEwuAe4dkyIBfpXKHziUgAALEqiB~c5_300x400.jpeg?x-expires=1701068400&x-signature=DowL0HiazOwLJxegyvLm5Ariup8%3D&from=3213915784_large&s=PackSourceEnum_PUBLISH&se=false&sc=cover&biz_tag=aweme_video&l=20231113150233716112392219190B8EA1',0,'https://www.iesdouyin.com/share/video/7287515681451527478/?region=CN&mid=7287515795324324669&u_code=250cbek8656c&did=MS4wLjABAAAANwkJuWIRFOzg5uCpDRpMj4OX-QryoDgn-yYlXQnRwQQ&iid=MS4wLjABAAAANwkJuWIRFOzg5uCpDRpMj4OX-QryoDgn-yYlXQnRwQQ&with_sec_did=1&titleType=title&share_sign=eWqmP78zApXiUyMcUD4G_00C2GnmWdI94WtufcqgmQw-&share_version=230200&ts=1699858953&from_aid=1128&from_ssr=1',0,2,1,23,289,0,'_000k75I4Y4kVLb9WJdcliUhUr7nJHFtTugR',202311070001),('@9VwUxeSUWJ9lMiXzco1kRc7912LoPf6HMp15qAmnK1YXafT960zdRmYqig357zEBUgaYPxWCDVQNQpmpYUhndg==','帮助他人代理IP让你的网络安全更有保障！ #ip  #代理   #代理服务器   #用户   #技术',1,'2023-08-25 09:30:03',4,'https://p6-sign.douyinpic.com/tos-cn-p-0015/oknTFqnpQ8APgUB60EDN4BAxA3AUb9WQkTffg6~c5_300x400.jpeg?x-expires=1701237600&x-signature=GibQzKvUZF9jtztL6gNG8ZadlQI%3D&from=3213915784_large&s=PackSourceEnum_PUBLISH&se=false&sc=cover&biz_tag=aweme_video&l=20231115144451CA17DE532A0B4711B2A1',0,'https://www.iesdouyin.com/share/video/7271065988131474751/?region=CN&mid=7271066124022762277&u_code=kbb98ah9&did=MS4wLjABAAAANwkJuWIRFOzg5uCpDRpMj4OX-QryoDgn-yYlXQnRwQQ&iid=MS4wLjABAAAANwkJuWIRFOzg5uCpDRpMj4OX-QryoDgn-yYlXQnRwQQ&with_sec_did=1&titleType=title&share_sign=sT_j3ROl0dwgryqR3.81tQabLyFVC0uZG0WZBO4DUhc-&share_version=230200&ts=1700030691&from_aid=1128&from_ssr=1',1,1,0,0,293,0,'_0004KdgRfrPtVLR8nN2WKq_hQp5sQT6orgn',202311070001),('@9VwUxeSUWJ9lMiXzco1kRc7912LoPfyLPZ11qgyuKVMXZ/L560zdRmYqig357zEBSMnq5v20Q8Qsb0dR0vWQfQ==','如何在无线路由器上设置代理IP保护个人隐私 #ip  #代理  #路由器  #无线  #设置',1,'2023-08-25 08:27:21',4,'https://p3-sign.douyinpic.com/tos-cn-p-0015/oQnIBnIEDeAnezCAQ79nEn3qfX6gUKJPgB9bCl~c5_300x400.jpeg?x-expires=1701237600&x-signature=JQzIXPjJTuJorjJ8s8ugUfKJEYM%3D&from=3213915784_large&s=PackSourceEnum_PUBLISH&se=false&sc=cover&biz_tag=aweme_video&l=20231115144451CA17DE532A0B4711B2A1',0,'https://www.iesdouyin.com/share/video/7271049684368624935/?region=CN&mid=7271049972626279225&u_code=kbb98ah9&did=MS4wLjABAAAANwkJuWIRFOzg5uCpDRpMj4OX-QryoDgn-yYlXQnRwQQ&iid=MS4wLjABAAAANwkJuWIRFOzg5uCpDRpMj4OX-QryoDgn-yYlXQnRwQQ&with_sec_did=1&titleType=title&share_sign=P36Vjm4dEMcAvKz_TAwxSYebzXHyK__sBkNwvaXrrT0-&share_version=230200&ts=1700030691&from_aid=1128&from_ssr=1',0,5,0,0,542,2,'_0004KdgRfrPtVLR8nN2WKq_hQp5sQT6orgn',202311070001),('@9VwUxeSUWJ9lMiXzco1kRc7912LpPf+FOZdwrA+nJ1kWaPH160zdRmYqig357zEB7QnhGnrf7DB6A2cGK90wug==','选择合适的代理ip让你网络访问更安全 #ip  #代理  #高匿  #透明  #动态',1,'2023-08-22 17:32:57',4,'https://p3-sign.douyinpic.com/tos-cn-p-0015/oUzAXCBUkHAfYJCJBDeDgCn0A5A9sqnQIcbENI~c5_300x400.jpeg?x-expires=1701237600&x-signature=Emr2ptJ%2F1zhjJqGbZJ0gN4hzlMY%3D&from=3213915784_large&s=PackSourceEnum_PUBLISH&se=false&sc=cover&biz_tag=aweme_video&l=20231115144451CA17DE532A0B4711B2A1',0,'https://www.iesdouyin.com/share/video/7270077221551885609/?region=CN&mid=7270077326656834359&u_code=kbb98ah9&did=MS4wLjABAAAANwkJuWIRFOzg5uCpDRpMj4OX-QryoDgn-yYlXQnRwQQ&iid=MS4wLjABAAAANwkJuWIRFOzg5uCpDRpMj4OX-QryoDgn-yYlXQnRwQQ&with_sec_did=1&titleType=title&share_sign=0ZejOWHIOQ5YJOTlRnYCiPhfVAIXxMLdVvvGFJByLM8-&share_version=230200&ts=1700030691&from_aid=1128&from_ssr=1',0,0,0,0,94,0,'_0004KdgRfrPtVLR8nN2WKq_hQp5sQT6orgn',202311070001),('@9VwUxeSUWJ9lMiXzco1kRc7912LpPf+LOZNyoQKiLlkXZvT960zdRmYqig357zEBogfnCMRSduKSPh9NTL3/jA==','大量免费代理IP提供是否安全？ #ip  #代理  #免费  #使用',1,'2023-08-22 17:40:53',4,'https://p26-sign.douyinpic.com/tos-cn-p-0015/oghqkAGgkCBS2hIyXcftABgwSgIwFVEDeOzNAM~c5_300x400.jpeg?x-expires=1701237600&x-signature=N9LfyvtfTUyM%2FrrXsBZEz0oqa6c%3D&from=3213915784_large&s=PackSourceEnum_PUBLISH&se=false&sc=cover&biz_tag=aweme_video&l=20231115144451CA17DE532A0B4711B2A1',0,'https://www.iesdouyin.com/share/video/7270079263884184851/?region=CN&mid=7270079367882558269&u_code=kbb98ah9&did=MS4wLjABAAAANwkJuWIRFOzg5uCpDRpMj4OX-QryoDgn-yYlXQnRwQQ&iid=MS4wLjABAAAANwkJuWIRFOzg5uCpDRpMj4OX-QryoDgn-yYlXQnRwQQ&with_sec_did=1&titleType=title&share_sign=VWBB3QyiGbZe1GWMR_AcHQEfciMC11EsD9uelsdwMek-&share_version=230200&ts=1700030691&from_aid=1128&from_ssr=1',0,1,0,0,312,0,'_0004KdgRfrPtVLR8nN2WKq_hQp5sQT6orgn',202311070001),('@9VwUxeSUWJ9lMiXzco1kRc7912LpPf6LMpNxqgikK1EQaPL060zdRmYqig357zEBrZGpUWO79hV/q018vbaR/g==','如何实现代理ipping另一个ip？教你保护个人隐私 #代理IP #个人隐私',1,'2023-08-22 17:04:44',4,'https://p26-sign.douyinpic.com/tos-cn-i-dy/49962bf2922c488191dcdb7042428915~c5_300x400.jpeg?x-expires=1701237600&x-signature=UG7eKQJaZRolcFVv1FvsyhSc390%3D&from=3213915784_large&s=PackSourceEnum_PUBLISH&se=false&sc=cover&biz_tag=aweme_video&l=20231115144451CA17DE532A0B4711B2A1',0,'https://www.iesdouyin.com/share/video/7270069960322403638/?region=CN&mid=7270070043000507193&u_code=kbb98ah9&did=MS4wLjABAAAANwkJuWIRFOzg5uCpDRpMj4OX-QryoDgn-yYlXQnRwQQ&iid=MS4wLjABAAAANwkJuWIRFOzg5uCpDRpMj4OX-QryoDgn-yYlXQnRwQQ&with_sec_did=1&titleType=title&share_sign=hp9.vn415xVFCHpS8yXCtCKET4b9U4TTbBnsQTuFw1A-&share_version=230200&ts=1700030691&from_aid=1128&from_ssr=1',0,3,0,0,341,2,'_0004KdgRfrPtVLR8nN2WKq_hQp5sQT6orgn',202311070001),('@9VwUxeSUWJ9lMiXzco1kRc7912LpPfCAOJZ1rgOuKlAWavj760zdRmYqig357zEBOpiUx2v82NyuEyX8my/02Q==','网站为何禁止代理ip访问？ #ip  #网站  #代理  #用户  #爬虫',1,'2023-08-22 17:52:48',4,'https://p26-sign.douyinpic.com/tos-cn-p-0015/oUqynbIfBD5GQtCfVCJA8CzJIL7QA5ywPBfI57~c5_300x400.jpeg?x-expires=1701237600&x-signature=dFuaLkh9Ez0mFbdnVshlMmUffnQ%3D&from=3213915784_large&s=PackSourceEnum_PUBLISH&se=false&sc=cover&biz_tag=aweme_video&l=20231115144451CA17DE532A0B4711B2A1',0,'https://www.iesdouyin.com/share/video/7270082334798515497/?region=CN&mid=7270082432911657788&u_code=kbb98ah9&did=MS4wLjABAAAANwkJuWIRFOzg5uCpDRpMj4OX-QryoDgn-yYlXQnRwQQ&iid=MS4wLjABAAAANwkJuWIRFOzg5uCpDRpMj4OX-QryoDgn-yYlXQnRwQQ&with_sec_did=1&titleType=title&share_sign=kiZB24YLXUSX6fv0kVjaOEckg5rm2GB5piLcGNAzGnY-&share_version=230200&ts=1700030691&from_aid=1128&from_ssr=1',2,0,0,0,431,0,'_0004KdgRfrPtVLR8nN2WKq_hQp5sQT6orgn',202311070001),('@9VwUxeSUWJ9lMiXzco1kRc7912LqO/GEPJZ0rwOiKVkUa/H760zdRmYqig357zEBgPkyi1ksbfcy8/K/qcNzEA==','教你设置无线路由器代理ip #四叶天代理 #ip #路由器 #设置 #代理 #代理服务器',1,'2023-09-01 11:38:35',4,'https://p3-sign.douyinpic.com/tos-cn-p-0015/osNB8fAAfV2nzWEXEHS9XzbyA3A8iuDkgQggCN~c5_300x400.jpeg?x-expires=1701237600&x-signature=HFvc9%2Bl90%2BM%2FDKFgi60qeXkiSjk%3D&from=3213915784_large&s=PackSourceEnum_PUBLISH&se=false&sc=cover&biz_tag=aweme_video&l=202311151444504A02466EF2C52110CEAE',0,'https://www.iesdouyin.com/share/video/7273696735694687507/?region=CN&mid=7273696849955965752&u_code=kbb98ah9&did=MS4wLjABAAAANwkJuWIRFOzg5uCpDRpMj4OX-QryoDgn-yYlXQnRwQQ&iid=MS4wLjABAAAANwkJuWIRFOzg5uCpDRpMj4OX-QryoDgn-yYlXQnRwQQ&with_sec_did=1&titleType=title&share_sign=1_JJ9mM4rgmreHElo9vFzBcK3DQixjL3LRGJRHjGGFw-&share_version=230200&ts=1700030690&from_aid=1128&from_ssr=1',0,0,0,0,4,0,'_0004KdgRfrPtVLR8nN2WKq_hQp5sQT6orgn',202311070001),('@9VwUxeSUWJ9lMiXzco1kRc7912LqOfiGP5ZxqQmjLVMWZvj760zdRmYqig357zEBEvSyx1kL/2E4UcA9ov72bg==','路由器代理ip功能保障你的网络隐私安全！ #四叶天代理 #ip #代理 #路由器 #用户 #地址',1,'2023-08-31 16:44:13',4,'https://p6-sign.douyinpic.com/tos-cn-p-0015/oMkwj5gIDSnA8Cy8FbBezkULiadA9ABDEitfbg~c5_300x400.jpeg?x-expires=1701237600&x-signature=f5V1I%2FN66T65RMGJX2X0OIYswuw%3D&from=3213915784_large&s=PackSourceEnum_PUBLISH&se=false&sc=cover&biz_tag=aweme_video&l=20231115144451CA17DE532A0B4711B2A1',0,'https://www.iesdouyin.com/share/video/7273404430035225897/?region=CN&mid=7273404529507306300&u_code=kbb98ah9&did=MS4wLjABAAAANwkJuWIRFOzg5uCpDRpMj4OX-QryoDgn-yYlXQnRwQQ&iid=MS4wLjABAAAANwkJuWIRFOzg5uCpDRpMj4OX-QryoDgn-yYlXQnRwQQ&with_sec_did=1&titleType=title&share_sign=ych81Z3QNM6bD7Jg6B0bj41nMXCGPs7..ttgvKXvKf0-&share_version=230200&ts=1700030691&from_aid=1128&from_ssr=1',0,0,0,0,5,0,'_0004KdgRfrPtVLR8nN2WKq_hQp5sQT6orgn',202311070001),('@9VwUxeSUWJ9lMiXzco1kRc7912LqOvCCO5J3oAKmJ1ETZvL960zdRmYqig357zEBksknCofhWi+5+c7wOnLOAQ==','WIN系统教程如何将静态IP改为动态IP #四叶天代理 #ip #网络 #静态 #设置 #动态',1,'2023-09-01 17:01:56',4,'https://p26-sign.douyinpic.com/tos-cn-p-0015/o0QAybajdgZ9nfuQCCYDA5BCUA8eIPo8kPhF3X~c5_300x400.jpeg?x-expires=1701068400&x-signature=06fZJj1ZdvAOL6oqPlnqrROr0yQ%3D&from=3213915784_large&s=PackSourceEnum_PUBLISH&se=false&sc=cover&biz_tag=aweme_video&l=2023111315023415EDE6D3AFE3D80C3CDD',0,'https://www.iesdouyin.com/share/video/7273780076980800831/?region=CN&mid=7273780181217610556&u_code=250cbek8656c&did=MS4wLjABAAAANwkJuWIRFOzg5uCpDRpMj4OX-QryoDgn-yYlXQnRwQQ&iid=MS4wLjABAAAANwkJuWIRFOzg5uCpDRpMj4OX-QryoDgn-yYlXQnRwQQ&with_sec_did=1&titleType=title&share_sign=NkTxtYYwqjGCaCq7XoGXDONa8OTkerFRGBI06jfrg3g-&share_version=230200&ts=1699858954&from_aid=1128&from_ssr=1',0,9,1,10,1287,3,'_000k75I4Y4kVLb9WJdcliUhUr7nJHFtTugR',202311070001),('@9VwUxeSUWJ9lMiXzco1kRc7912LqOvCFP5dzrAunKlcVbvj+60zdRmYqig357zEBcDziVDAMvH6J6bz2dyQd8g==','轻松查看WIN10动态IP #四叶天代理 #ip #地址 #网络 #动态 #internet',1,'2023-09-01 17:30:16',4,'https://p26-sign.douyinpic.com/tos-cn-p-0015/oQlJBcjD7GgbO4nEXAC1eQK4IAEJnNnL8fkBeC~c5_300x400.jpeg?x-expires=1701237600&x-signature=78Uw1e8Y3QMpVLKTaE8uGpv%2B%2BZ4%3D&from=3213915784_large&s=PackSourceEnum_PUBLISH&se=false&sc=cover&biz_tag=aweme_video&l=202311151444504A02466EF2C52110CEAE',0,'https://www.iesdouyin.com/share/video/7273787422511566092/?region=CN&mid=7273787473300392759&u_code=kbb98ah9&did=MS4wLjABAAAANwkJuWIRFOzg5uCpDRpMj4OX-QryoDgn-yYlXQnRwQQ&iid=MS4wLjABAAAANwkJuWIRFOzg5uCpDRpMj4OX-QryoDgn-yYlXQnRwQQ&with_sec_did=1&titleType=title&share_sign=8H4desRjGzVql7DQP2amOQ6eFXQbVfvyHO7S8LJlfeM-&share_version=230200&ts=1700030690&from_aid=1128&from_ssr=1',0,0,0,0,6,0,'_0004KdgRfrPtVLR8nN2WKq_hQp5sQT6orgn',202311070001),('@9VwUxeSUWJ9lMiXzco1kRc7912LqOvyEOpJzqA2lK1QXaPH/60zdRmYqig357zEBn/iP8u3pJlWO9AFNdw89nw==','教你如何设置路由器的动态IP #四叶天代理 #ip #路由器 #地址 #动态 #设置',1,'2023-09-01 14:50:31',4,'https://p3-sign.douyinpic.com/tos-cn-p-0015/o0DHBtqhzAzkfTtAUxhiM5EbeBNI0HFgCX9wTA~c5_300x400.jpeg?x-expires=1701237600&x-signature=RNfZLICLR6vAH7clVf804sFDKwI%3D&from=3213915784_large&s=PackSourceEnum_PUBLISH&se=false&sc=cover&biz_tag=aweme_video&l=202311151444504A02466EF2C52110CEAE',0,'https://www.iesdouyin.com/share/video/7273746172173454603/?region=CN&mid=7273746317577308987&u_code=kbb98ah9&did=MS4wLjABAAAANwkJuWIRFOzg5uCpDRpMj4OX-QryoDgn-yYlXQnRwQQ&iid=MS4wLjABAAAANwkJuWIRFOzg5uCpDRpMj4OX-QryoDgn-yYlXQnRwQQ&with_sec_did=1&titleType=title&share_sign=guRqNNSLLl8aCt3UpUSdMzKl1a3yq747750BXZoF1tE-&share_version=230200&ts=1700030690&from_aid=1128&from_ssr=1',0,0,0,0,7,0,'_0004KdgRfrPtVLR8nN2WKq_hQp5sQT6orgn',202311070001),('@9VwUxeSUWJ9lMiXzco1kRc7912LqOvyFPJx5qQ2iK1MbaPn/60zdRmYqig357zEBnLp4XY8s7xvrFfyPFxWEoA==','静态IP VS 动态IP哪个更适合你？ #四叶天代理 #ip #静态 #地址 #动态 #网络安全',1,'2023-09-01 14:56:48',4,'https://p3-sign.douyinpic.com/tos-cn-p-0015/o0IAjeknYBBDA9neQbbdHCCgD4FbO8QjJXsA9l~c5_300x400.jpeg?x-expires=1701237600&x-signature=hVboUtOwm%2FOC8HC5qZldv7WveCw%3D&from=3213915784_large&s=PackSourceEnum_PUBLISH&se=false&sc=cover&biz_tag=aweme_video&l=202311151444504A02466EF2C52110CEAE',0,'https://www.iesdouyin.com/share/video/7273747798074428683/?region=CN&mid=7273747943920716601&u_code=kbb98ah9&did=MS4wLjABAAAANwkJuWIRFOzg5uCpDRpMj4OX-QryoDgn-yYlXQnRwQQ&iid=MS4wLjABAAAANwkJuWIRFOzg5uCpDRpMj4OX-QryoDgn-yYlXQnRwQQ&with_sec_did=1&titleType=title&share_sign=qJw5u8caFiO_gC2qB8grU9vkZ.JJx693mHzI8C5VYVc-&share_version=230200&ts=1700030690&from_aid=1128&from_ssr=1',0,0,0,0,6,0,'_0004KdgRfrPtVLR8nN2WKq_hQp5sQT6orgn',202311070001),('@9VwUxeSUWJ9lMiXzco1kRc7912LqP/+GO5ZwrwqkKVgaa/T660zdRmYqig357zEBJlGDWOi2moUxDa3FzfFePg==','手机代理ip怎么设置 #四叶天代理 #ip #代理服务器 #代理 #手机 #设置',1,'2023-08-31 08:18:35',4,'https://p3-sign.douyinpic.com/tos-cn-p-0015/oMfACwceSQAuAnkWUdXDee5TfbeQhBLtgAyffGo~c5_300x400.jpeg?x-expires=1701237600&x-signature=6Ufd%2FJhSiMuR6e2oMr8AoH3kW%2FE%3D&from=3213915784_large&s=PackSourceEnum_PUBLISH&se=false&sc=cover&biz_tag=aweme_video&l=20231115144451CA17DE532A0B4711B2A1',0,'https://www.iesdouyin.com/share/video/7273274031602699556/?region=CN&mid=7273274221533399867&u_code=kbb98ah9&did=MS4wLjABAAAANwkJuWIRFOzg5uCpDRpMj4OX-QryoDgn-yYlXQnRwQQ&iid=MS4wLjABAAAANwkJuWIRFOzg5uCpDRpMj4OX-QryoDgn-yYlXQnRwQQ&with_sec_did=1&titleType=title&share_sign=rNQ7eF4N0ucyRwEJU.GGxtf7ftiPMK79Ic.fE0GNCDs-&share_version=230200&ts=1700030691&from_aid=1128&from_ssr=1',0,0,0,0,7,0,'_0004KdgRfrPtVLR8nN2WKq_hQp5sQT6orgn',202311070001),('@9VwUxeSUWJ9lMiXzco1kRc7912LqPfyFPZR2qAOkLFIRa/T660zdRmYqig357zEBe1VlOCxo4bo5LgcbMVr90g==','如何设置网吧代理ip让你的网络畅通无阻 #四叶天代理 #ip #代理 #网吧 #设置 #服务提供商',1,'2023-08-30 17:39:25',4,'https://p3-sign.douyinpic.com/tos-cn-p-0015/oMwFAZvD9D3bP5TCDgBwyI07EAeklFnoiFkAeB~c5_300x400.jpeg?x-expires=1701237600&x-signature=neKpml6IGYbR5w2ZKz2%2F4F878AY%3D&from=3213915784_large&s=PackSourceEnum_PUBLISH&se=false&sc=cover&biz_tag=aweme_video&l=20231115144451CA17DE532A0B4711B2A1',0,'https://www.iesdouyin.com/share/video/7273047617192332556/?region=CN&mid=7273047668384123704&u_code=kbb98ah9&did=MS4wLjABAAAANwkJuWIRFOzg5uCpDRpMj4OX-QryoDgn-yYlXQnRwQQ&iid=MS4wLjABAAAANwkJuWIRFOzg5uCpDRpMj4OX-QryoDgn-yYlXQnRwQQ&with_sec_did=1&titleType=title&share_sign=EAUMGiTMYfbABL4uCLf_Vf05O5QkIADY3nLM579YmcY-&share_version=230200&ts=1700030691&from_aid=1128&from_ssr=1',0,0,0,0,11,0,'_0004KdgRfrPtVLR8nN2WKq_hQp5sQT6orgn',202311070001),('@9VwUxeSUWJ9lMiXzco1kRc7912LqPvGCPZB3rQOuKFkSavT+60zdRmYqig357zEB74hsgnNfl5mMM6H7mOU90Q==','网络安全新手必备如何设置代理ip服务器 #四叶天代理 #ip #代理 #代理服务器 #服务器 #软件',1,'2023-08-31 15:50:49',4,'https://p26-sign.douyinpic.com/tos-cn-p-0015/oED9f2IwbHun0onkBgbJevACAZEul2dNAE8kRA~c5_300x400.jpeg?x-expires=1701237600&x-signature=mQMu6aVlN4xoSyLh0ytuNX1i2Ow%3D&from=3213915784_large&s=PackSourceEnum_PUBLISH&se=false&sc=cover&biz_tag=aweme_video&l=20231115144451CA17DE532A0B4711B2A1',0,'https://www.iesdouyin.com/share/video/7273390656498781452/?region=CN&mid=7273390769354885949&u_code=kbb98ah9&did=MS4wLjABAAAANwkJuWIRFOzg5uCpDRpMj4OX-QryoDgn-yYlXQnRwQQ&iid=MS4wLjABAAAANwkJuWIRFOzg5uCpDRpMj4OX-QryoDgn-yYlXQnRwQQ&with_sec_did=1&titleType=title&share_sign=Q8JG09FTVusAWsMit_nsFteEm.mcYCcQH7VHj6Du1E0-&share_version=230200&ts=1700030691&from_aid=1128&from_ssr=1',0,0,0,0,4,0,'_0004KdgRfrPtVLR8nN2WKq_hQp5sQT6orgn',202311070001),('@9VwUxeSUWJ9lMiXzco1kRc7912LsNP6HPZx4oQ2nLVcXbvD960zdRmYqig357zEBZxoI1aXqZXbXvj62z6/2oQ==','动态公网IP申请方法大揭秘 #四叶天代理 #ip #公网 #动态 #用户 #isp',1,'2023-09-07 14:23:15',4,'https://p6-sign.douyinpic.com/tos-cn-p-0015/oAbSbWEaeCBeNgWIBQ8aHfAJsixAFJVknB75Dj~c5_300x400.jpeg?x-expires=1701237600&x-signature=xN8vXXDQQmOz1AD0qqtcd16fM%2Fc%3D&from=3213915784_large&s=PackSourceEnum_PUBLISH&se=false&sc=cover&biz_tag=aweme_video&l=20231115144450A8A9B9ECF9EC571138DA',0,'https://www.iesdouyin.com/share/video/7275965699871264011/?region=CN&mid=7275965802631809829&u_code=kbb98ah9&did=MS4wLjABAAAANwkJuWIRFOzg5uCpDRpMj4OX-QryoDgn-yYlXQnRwQQ&iid=MS4wLjABAAAANwkJuWIRFOzg5uCpDRpMj4OX-QryoDgn-yYlXQnRwQQ&with_sec_did=1&titleType=title&share_sign=ZLOU0GLZYNToo_kY3RoIMz4YJmyhRRX9lMGhtAPvjGA-&share_version=230200&ts=1700030690&from_aid=1128&from_ssr=1',3,7,0,0,2489,8,'_0004KdgRfrPtVLR8nN2WKq_hQp5sQT6orgn',202311070001),('@9VwUxeSUWJ9lMiXzco1kRc7912LsNPCDO5R1oQ2hK1MXZ/T160zdRmYqig357zEB3l+bMG/ISHgx8HmRR9iUGw==','动态IP与静态IP：区别与联系 #四叶天代理 #ip #地址 #静态 #动态 #用户',1,'2023-09-07 15:22:42',4,'https://p3-sign.douyinpic.com/tos-cn-p-0015/o8J9aNyQ2CTIXAe7cBlQ6kECkeBKAvbv6oenDa~c5_300x400.jpeg?x-expires=1701237600&x-signature=YEtA3bX78j66tChL5GUTHYIzg5w%3D&from=3213915784_large&s=PackSourceEnum_PUBLISH&se=false&sc=cover&biz_tag=aweme_video&l=20231115144450A8A9B9ECF9EC571138DA',0,'https://www.iesdouyin.com/share/video/7275981014877424959/?region=CN&mid=7275981128200702757&u_code=kbb98ah9&did=MS4wLjABAAAANwkJuWIRFOzg5uCpDRpMj4OX-QryoDgn-yYlXQnRwQQ&iid=MS4wLjABAAAANwkJuWIRFOzg5uCpDRpMj4OX-QryoDgn-yYlXQnRwQQ&with_sec_did=1&titleType=title&share_sign=qxQR.NFtZGQ0O.kITs5THSevpscMW00dPUtZ0_KrXJs-&share_version=230200&ts=1700030690&from_aid=1128&from_ssr=1',0,1,0,0,368,0,'_0004KdgRfrPtVLR8nN2WKq_hQp5sQT6orgn',202311070001),('@9VwUxeSUWJ9lMiXzco1kRc7912LsNPuHOJVwqwimJlYUZ/T660zdRmYqig357zEBvDt8j9sxD7s5NN27kH9axw==','动态IP：保障隐私提升网络安全 #四叶天代理 #ip #动态 #网络 #用户 #地址',1,'2023-09-07 12:25:17',4,'https://p3-sign.douyinpic.com/tos-cn-p-0015/o0VJC5bKDdKeNHUACANEescg7Ce7nBBLBbMIUG~c5_300x400.jpeg?x-expires=1701237600&x-signature=gPrnfNII5rG%2B%2BsccLXnPdpxgWbQ%3D&from=3213915784_large&s=PackSourceEnum_PUBLISH&se=false&sc=cover&biz_tag=aweme_video&l=20231115144450A8A9B9ECF9EC571138DA',0,'https://www.iesdouyin.com/share/video/7275935301220977956/?region=CN&mid=7275935389143763769&u_code=kbb98ah9&did=MS4wLjABAAAANwkJuWIRFOzg5uCpDRpMj4OX-QryoDgn-yYlXQnRwQQ&iid=MS4wLjABAAAANwkJuWIRFOzg5uCpDRpMj4OX-QryoDgn-yYlXQnRwQQ&with_sec_did=1&titleType=title&share_sign=APhauZZ6aMjKTHr2CWLaVuXV_gxRvf2SRSsCm0qZtUI-&share_version=230200&ts=1700030690&from_aid=1128&from_ssr=1',0,1,0,0,144,0,'_0004KdgRfrPtVLR8nN2WKq_hQp5sQT6orgn',202311070001),('@9VwUxeSUWJ9lMiXzco1kRc7912LsPP2AOpByrQ6iJlgXbfD660zdRmYqig357zEB9bU0LPkX4oSOkBggHAX2sw==','动态IP的定义、特点、应用 #四叶天代理 #ip #动态 #地址 #用户 #隐私',1,'2023-09-05 09:46:43',4,'https://p6-sign.douyinpic.com/tos-cn-p-0015/og0k9BnPEABDFrCGbAAgILdeYo25lekhIVQ9Ci~c5_300x400.jpeg?x-expires=1701237600&x-signature=zhvCDG4tf%2F5OAUKjw0uYsKAPX%2BI%3D&from=3213915784_large&s=PackSourceEnum_PUBLISH&se=false&sc=cover&biz_tag=aweme_video&l=20231115144450A8A9B9ECF9EC571138DA',0,'https://www.iesdouyin.com/share/video/7275152153444994316/?region=CN&mid=7275152371080596261&u_code=kbb98ah9&did=MS4wLjABAAAANwkJuWIRFOzg5uCpDRpMj4OX-QryoDgn-yYlXQnRwQQ&iid=MS4wLjABAAAANwkJuWIRFOzg5uCpDRpMj4OX-QryoDgn-yYlXQnRwQQ&with_sec_did=1&titleType=title&share_sign=x0yBhMXL8N_6KK9AolP816Lu.bTGDaiFzIUIwLDzb64-&share_version=230200&ts=1700030690&from_aid=1128&from_ssr=1',0,1,0,0,478,0,'_0004KdgRfrPtVLR8nN2WKq_hQp5sQT6orgn',202311070001),('@9VwUxeSUWJ9lMiXzco1kRc7912LsPP6HM5N0qw2iJ1IbbfL560zdRmYqig357zEBoNxj6B8z1xPuLZhXQOhy8w==','路由器动态IP地址的灵活性 #四叶天代理 #ip #地址 #路由器 #动态 #网络',1,'2023-09-05 10:39:33',4,'https://p11-sign.douyinpic.com/tos-cn-p-0015/oofD6lQOIjWADl9Bl2TnbAe9TbA8BTpgrxmkQp~c5_300x400.jpeg?x-expires=1701237600&x-signature=psZHSVUIElkALgIw9mwaVVTrZZM%3D&from=3213915784_large&s=PackSourceEnum_PUBLISH&se=false&sc=cover&biz_tag=aweme_video&l=20231115144450A8A9B9ECF9EC571138DA',0,'https://www.iesdouyin.com/share/video/7275165865274838335/?region=CN&mid=7275165985521355579&u_code=kbb98ah9&did=MS4wLjABAAAANwkJuWIRFOzg5uCpDRpMj4OX-QryoDgn-yYlXQnRwQQ&iid=MS4wLjABAAAANwkJuWIRFOzg5uCpDRpMj4OX-QryoDgn-yYlXQnRwQQ&with_sec_did=1&titleType=title&share_sign=yxVK5w6FQFm1jjPaMyh_U5_U4s6QZt9TWU_haAf.QI8-&share_version=230200&ts=1700030690&from_aid=1128&from_ssr=1',0,4,0,0,292,0,'_0004KdgRfrPtVLR8nN2WKq_hQp5sQT6orgn',202311070001),('@9VwUxeSUWJ9lMiXzco1kRc7912LsPPuHPJNzrgKmLlcQbfX860zdRmYqig357zEBosInDiRY/LfUqzoHhpNxHw==','动态IP与拨号你需要了解的网络连接方式 #四叶天代理 #ip #拨号 #地址 #动态 #连接',1,'2023-09-05 08:43:12',4,'https://p3-sign.douyinpic.com/tos-cn-p-0015/oY93SAUAAf5QsDZkWnN8DmP9IB4bGp8shgneAU~c5_300x400.jpeg?x-expires=1701068400&x-signature=2TrwCTfW3YNveV9VXhUZw0wW5XE%3D&from=3213915784_large&s=PackSourceEnum_PUBLISH&se=false&sc=cover&biz_tag=aweme_video&l=2023111315023415EDE6D3AFE3D80C3CDD',0,'https://www.iesdouyin.com/share/video/7275135762780163340/?region=CN&mid=7275136002463976253&u_code=250cbek8656c&did=MS4wLjABAAAANwkJuWIRFOzg5uCpDRpMj4OX-QryoDgn-yYlXQnRwQQ&iid=MS4wLjABAAAANwkJuWIRFOzg5uCpDRpMj4OX-QryoDgn-yYlXQnRwQQ&with_sec_did=1&titleType=title&share_sign=IBX7hnwkGUNQM6M.3UNKdQNqotqOfWI5mkBrU53b6sY-&share_version=230200&ts=1699858954&from_aid=1128&from_ssr=1',0,3,0,0,361,0,'_000k75I4Y4kVLb9WJdcliUhUr7nJHFtTugR',202311070001),('@9VwUxeSUWJ9lMiXzco1kRc7912LsPPyDOpJ3qQOjKFYSZ/X860zdRmYqig357zEBmuWbxgRAEqDQNyasH3DfKw==','四叶天代理IP站点保护用户隐私 #四叶天代理 #ip #地址 #设备 #动态 #定位',1,'2023-09-05 09:03:51',4,'https://p26-sign.douyinpic.com/tos-cn-p-0015/os5NRAbFN9gDgf9fAqgpQI8DAYr9ZksnnPAnBG~c5_300x400.jpeg?x-expires=1701068400&x-signature=ixCMRUevYLqMkfR17lunKSJVdbw%3D&from=3213915784_large&s=PackSourceEnum_PUBLISH&se=false&sc=cover&biz_tag=aweme_video&l=20231113150233716112392219190B8EA1',0,'https://www.iesdouyin.com/share/video/7275141176095771940/?region=CN&mid=7275141316277750565&u_code=250cbek8656c&did=MS4wLjABAAAANwkJuWIRFOzg5uCpDRpMj4OX-QryoDgn-yYlXQnRwQQ&iid=MS4wLjABAAAANwkJuWIRFOzg5uCpDRpMj4OX-QryoDgn-yYlXQnRwQQ&with_sec_did=1&titleType=title&share_sign=bA4rCLVBmKeQ8f54SM2hVMGGI7qR..i1JQR_AHSMbyk-&share_version=230200&ts=1699858953&from_aid=1128&from_ssr=1',0,2,0,0,299,0,'_000k75I4Y4kVLb9WJdcliUhUr7nJHFtTugR',202311070001),('@9VwUxeSUWJ9lMiXzco1kRc7912LsPPyKOJd4qAukLlcSa/j160zdRmYqig357zEBiprVWQemJU1tVjGhvw5fiQ==','企业网络实现IP地址动态分配提高灵活性与可扩展性 #四叶天代理 #ip #地址 #dhcp #动态分配 #配置',1,'2023-09-05 09:31:37',4,'https://p26-sign.douyinpic.com/tos-cn-p-0015/oE5n9dfJ7AO4BLMMHJsQv7ECGea2AahfB8QAhP~c5_300x400.jpeg?x-expires=1701068400&x-signature=vd4AYNIPTSBF7h026kXKqWPaBNk%3D&from=3213915784_large&s=PackSourceEnum_PUBLISH&se=false&sc=cover&biz_tag=aweme_video&l=20231113150233716112392219190B8EA1',0,'https://www.iesdouyin.com/share/video/7275148329112161599/?region=CN&mid=7275148485496769341&u_code=250cbek8656c&did=MS4wLjABAAAANwkJuWIRFOzg5uCpDRpMj4OX-QryoDgn-yYlXQnRwQQ&iid=MS4wLjABAAAANwkJuWIRFOzg5uCpDRpMj4OX-QryoDgn-yYlXQnRwQQ&with_sec_did=1&titleType=title&share_sign=VkcpmddwYn8mT641wvAO8fLhUYzqJz.d4hUP9kZaegQ-&share_version=230200&ts=1699858953&from_aid=1128&from_ssr=1',0,1,0,0,160,0,'_000k75I4Y4kVLb9WJdcliUhUr7nJHFtTugR',202311070001),('@9VwUxeSUWJ9lMiXzco1kRc7912LtNf6EMpR0qQqhLVYTb/j060zdRmYqig357zEB4Ez44Pt20UL3SKqbV93FXA==','如何查看自己的IP是否为动态IP #四叶天代理 #ip #地址 #动态 #服务提供商 #cmd',1,'2023-09-04 15:19:16',4,'https://p3-sign.douyinpic.com/tos-cn-p-0015/oYJUMAtwNeIB8h9vAygGERfhSKqgdk1PzXAsBX~c5_300x400.jpeg?x-expires=1701237600&x-signature=RrJL%2BxZzb7LkdSqlVnuHg4jTosM%3D&from=3213915784_large&s=PackSourceEnum_PUBLISH&se=false&sc=cover&biz_tag=aweme_video&l=202311151444504A02466EF2C52110CEAE',0,'https://www.iesdouyin.com/share/video/7274866915007270198/?region=CN&mid=7274866979587607357&u_code=kbb98ah9&did=MS4wLjABAAAANwkJuWIRFOzg5uCpDRpMj4OX-QryoDgn-yYlXQnRwQQ&iid=MS4wLjABAAAANwkJuWIRFOzg5uCpDRpMj4OX-QryoDgn-yYlXQnRwQQ&with_sec_did=1&titleType=title&share_sign=_dgRxvgNNn6c6Y6DjCZ5EKIGqeEMgwo6VR6XU1jltNo-&share_version=230200&ts=1700030690&from_aid=1128&from_ssr=1',0,1,0,0,454,0,'_0004KdgRfrPtVLR8nN2WKq_hQp5sQT6orgn',202311070001),('@9VwUxeSUWJ9lMiXzco1kRc7912LtNf6KO5R2qwKhLlIbaPD460zdRmYqig357zEBymWraGGKEvQH7adcX/vNjA==','四叶天代理IP站点 #四叶天代理 #ip #用户 #动态 #设置 #路由器',1,'2023-09-04 15:23:34',4,'https://p6-sign.douyinpic.com/tos-cn-p-0015/oYnrWebXD74Yk8nAebFBAuNED9gAFQAg97vwuU~c5_300x400.jpeg?x-expires=1701237600&x-signature=yChGx5IxliLulVh7%2BtPoPTF4Y7o%3D&from=3213915784_large&s=PackSourceEnum_PUBLISH&se=false&sc=cover&biz_tag=aweme_video&l=202311151444504A02466EF2C52110CEAE',0,'https://www.iesdouyin.com/share/video/7274868017287138614/?region=CN&mid=7274868081925688124&u_code=kbb98ah9&did=MS4wLjABAAAANwkJuWIRFOzg5uCpDRpMj4OX-QryoDgn-yYlXQnRwQQ&iid=MS4wLjABAAAANwkJuWIRFOzg5uCpDRpMj4OX-QryoDgn-yYlXQnRwQQ&with_sec_did=1&titleType=title&share_sign=hXPKwxsA_Z0kCt3w_DPAI1Rvrq_vXeTVtNKflRq.Dfw-&share_version=230200&ts=1700030690&from_aid=1128&from_ssr=1',0,2,0,0,488,0,'_0004KdgRfrPtVLR8nN2WKq_hQp5sQT6orgn',202311070001),('@9VwUxeSUWJ9lMiXzco1kRc7912LtNPiAP5xwrwOlKVcWa/b760zdRmYqig357zEBx4QWJK50tYGxXKJVZ4hv7g==','如何设置动态IP上网？轻松享受灵活便捷的上网体验！ #四叶天代理 #ip #用户 #动态 #设置 #路由器',1,'2023-09-04 17:37:22',4,'https://p6-sign.douyinpic.com/tos-cn-p-0015/oIt7ptgCeBAfgdQEBIisMSAq89KgUkuczA91hv~c5_300x400.jpeg?x-expires=1701068400&x-signature=mPIpgrDJz58ZFTLGghpkM5w17dA%3D&from=3213915784_large&s=PackSourceEnum_PUBLISH&se=false&sc=cover&biz_tag=aweme_video&l=2023111315023415EDE6D3AFE3D80C3CDD',0,'https://www.iesdouyin.com/share/video/7274902491693665577/?region=CN&mid=7274902566654528312&u_code=250cbek8656c&did=MS4wLjABAAAANwkJuWIRFOzg5uCpDRpMj4OX-QryoDgn-yYlXQnRwQQ&iid=MS4wLjABAAAANwkJuWIRFOzg5uCpDRpMj4OX-QryoDgn-yYlXQnRwQQ&with_sec_did=1&titleType=title&share_sign=b0MRO0pAxgD70._JLCbn2nY8mLE72Gq4D_T8yPhhdaI-&share_version=230200&ts=1699858954&from_aid=1128&from_ssr=1',0,1,0,0,146,0,'_000k75I4Y4kVLb9WJdcliUhUr7nJHFtTugR',202311070001),('@9VwUxeSUWJ9lMiXzco1kRc7912LtNPiHPpR5rA2gL1ARa/n560zdRmYqig357zEBVxrvHMRcElOgin5kL0/cJw==','动态IP和静态IP的优劣势比较，了解一下？ #四叶天代理 #ip #静态 #地址 #动态 #网络连接',1,'2023-09-04 17:49:05',4,'https://p26-sign.douyinpic.com/tos-cn-p-0015/owGk9BnIIABDufTQbAAgQDIeWa1GuCggBqL9Nq~c5_300x400.jpeg?x-expires=1701237600&x-signature=ceOyZVuA7aNs%2BG8NRQI%2BRjPCUTM%3D&from=3213915784_large&s=PackSourceEnum_PUBLISH&se=false&sc=cover&biz_tag=aweme_video&l=20231115144450A8A9B9ECF9EC571138DA',0,'https://www.iesdouyin.com/share/video/7274905518576012585/?region=CN&mid=7274905591083043643&u_code=kbb98ah9&did=MS4wLjABAAAANwkJuWIRFOzg5uCpDRpMj4OX-QryoDgn-yYlXQnRwQQ&iid=MS4wLjABAAAANwkJuWIRFOzg5uCpDRpMj4OX-QryoDgn-yYlXQnRwQQ&with_sec_did=1&titleType=title&share_sign=WPCH.RVBnW1bVAFZL4xGFfyf7Jl7PkhCNjtYoPIUjhQ-&share_version=230200&ts=1700030690&from_aid=1128&from_ssr=1',3,31,0,0,5129,4,'_0004KdgRfrPtVLR8nN2WKq_hQp5sQT6orgn',202311070001),('@9VwUxeSUWJ9lMiXzco1kRc7912LtOv6DMpJwqgOiKFQaZ/X060zdRmYqig357zEBQLuVjSj0HvDv9wuspZQEZQ==','轻松查看自己的IP是否为动态IP，了解保护隐私的实用方法！ #四叶天代理 #ip #地址 #动态 #服务提供商 #cmd',1,'2023-09-04 08:32:29',4,'https://p3-sign.douyinpic.com/tos-cn-p-0015/ooXDiJTZEefADA9By1znbAw9WPA8BDSgo3bkIQ~c5_300x400.jpeg?x-expires=1701237600&x-signature=XkoUAYcbOLXwDNphaHwwN7k%2BLgc%3D&from=3213915784_large&s=PackSourceEnum_PUBLISH&se=false&sc=cover&biz_tag=aweme_video&l=202311151444504A02466EF2C52110CEAE',0,'https://www.iesdouyin.com/share/video/7274761971394759948/?region=CN&mid=7274762157554813753&u_code=kbb98ah9&did=MS4wLjABAAAANwkJuWIRFOzg5uCpDRpMj4OX-QryoDgn-yYlXQnRwQQ&iid=MS4wLjABAAAANwkJuWIRFOzg5uCpDRpMj4OX-QryoDgn-yYlXQnRwQQ&with_sec_did=1&titleType=title&share_sign=9ovH_FIaWGRXmyO0u8A2yeXvw3FLv9bEpFuFxWhwtx4-&share_version=230200&ts=1700030690&from_aid=1128&from_ssr=1',0,2,0,0,663,0,'_0004KdgRfrPtVLR8nN2WKq_hQp5sQT6orgn',202311070001),('@9VwUxeSUWJ9lMiXzco1kRc7912LtPf+HM5xxrAmuL1MXbPL960zdRmYqig357zEBJpl3bfPtLQHyzuUpyeAiWQ==','教你如何改变电脑IP地址让你的网络更加畅通！ #四叶天代理 #ip #地址 #选项 #网络 #电脑',1,'2023-09-02 12:09:49',4,'https://p3-sign.douyinpic.com/tos-cn-p-0015/o0nRI0C9HAxVxHzVAFgfQeYREtt7kAhBwBrLyA~c5_300x400.jpeg?x-expires=1701237600&x-signature=TBfj6A9PH%2FRKIF%2BBTwawAUq0MCg%3D&from=3213915784_large&s=PackSourceEnum_PUBLISH&se=false&sc=cover&biz_tag=aweme_video&l=202311151444504A02466EF2C52110CEAE',0,'https://www.iesdouyin.com/share/video/7274075890538024231/?region=CN&mid=7274075992178690872&u_code=kbb98ah9&did=MS4wLjABAAAANwkJuWIRFOzg5uCpDRpMj4OX-QryoDgn-yYlXQnRwQQ&iid=MS4wLjABAAAANwkJuWIRFOzg5uCpDRpMj4OX-QryoDgn-yYlXQnRwQQ&with_sec_did=1&titleType=title&share_sign=ryti.4pCqVKcFGmO06ZIS6xzP3oAWyhArfKunPOLeXg-&share_version=230200&ts=1700030690&from_aid=1128&from_ssr=1',0,1,0,0,15,0,'_0004KdgRfrPtVLR8nN2WKq_hQp5sQT6orgn',202311070001),('@9VwUxeSUWJ9lMiXzco1kRc7912LtPf6AO5B1rg6vKVkUbvT960zdRmYqig357zEBfRHSZMlbicftg5MIv9fw2w==','教你轻松实现动态IP到静态IP转换 #四叶天代理 #ip #地址 #路由器 #设置 #静态',1,'2023-09-02 11:16:17',4,'https://p26-sign.douyinpic.com/tos-cn-p-0015/oYBlAqe8bejsWAqBEkDnYQbjIzBhgjzYANy2b9~c5_300x400.jpeg?x-expires=1701237600&x-signature=yZCFFr4GdfXfhiVjTFdioENCC9U%3D&from=3213915784_large&s=PackSourceEnum_PUBLISH&se=false&sc=cover&biz_tag=aweme_video&l=202311151444504A02466EF2C52110CEAE',0,'https://www.iesdouyin.com/share/video/7274062054749687051/?region=CN&mid=7274062197259504421&u_code=kbb98ah9&did=MS4wLjABAAAANwkJuWIRFOzg5uCpDRpMj4OX-QryoDgn-yYlXQnRwQQ&iid=MS4wLjABAAAANwkJuWIRFOzg5uCpDRpMj4OX-QryoDgn-yYlXQnRwQQ&with_sec_did=1&titleType=title&share_sign=XoxRIs0CDtNvaMqY4bp0wLWrS8.MJZVuE25D_myiZGM-&share_version=230200&ts=1700030690&from_aid=1128&from_ssr=1',0,0,0,0,8,0,'_0004KdgRfrPtVLR8nN2WKq_hQp5sQT6orgn',202311070001),('@9VwUxeSUWJ9lMiXzco1kRc7912LtPfyAO5JwrQ2uJlgVbPX/60zdRmYqig357zEBIl0oR1IDNb0VObCCsj3Xdw==','动态IP保护隐私S10提供额外安全屏障 #四叶天代理 #ip #地址 #动态 #用户 #网络',1,'2023-09-02 09:58:50',4,'https://p3-sign.douyinpic.com/tos-cn-p-0015/o4ATAkpBgebDACe9JVIB4nACrlgbNPVydr8Etn~c5_300x400.jpeg?x-expires=1701237600&x-signature=VDzcHO1XPCoYpU4%2FJPuOeuGyj0U%3D&from=3213915784_large&s=PackSourceEnum_PUBLISH&se=false&sc=cover&biz_tag=aweme_video&l=202311151444504A02466EF2C52110CEAE',0,'https://www.iesdouyin.com/share/video/7274042071478996243/?region=CN&mid=7274042235241499451&u_code=kbb98ah9&did=MS4wLjABAAAANwkJuWIRFOzg5uCpDRpMj4OX-QryoDgn-yYlXQnRwQQ&iid=MS4wLjABAAAANwkJuWIRFOzg5uCpDRpMj4OX-QryoDgn-yYlXQnRwQQ&with_sec_did=1&titleType=title&share_sign=EOIjmMxhvqN9C9aTsSIj89ip6nRwrWNeJhzsYM.47WM-&share_version=230200&ts=1700030690&from_aid=1128&from_ssr=1',0,0,0,0,8,0,'_0004KdgRfrPtVLR8nN2WKq_hQp5sQT6orgn',202311070001),('@9VwUxeSUWJ9lMiXzco1kRc7912LuOvyEPJ1xoAukL1ARa/T560zdRmYqig357zEB1ecH4aHtxULdh9/JIdaQ5w==','如何判断电脑是动态IP #四叶天代理 #ip #电脑 #地址 #页面 #动态',1,'2023-09-12 09:35:01',4,'https://p3-sign.douyinpic.com/tos-cn-p-0015/oMB1nJ8CwlADBL87RyQBTSAG0wAbe9rfVnfIEn~c5_300x400.jpeg?x-expires=1701237600&x-signature=yjH2tRnU3m6E1AjtXaBTa3R0epw%3D&from=3213915784_large&s=PackSourceEnum_PUBLISH&se=false&sc=cover&biz_tag=aweme_video&l=20231115144450A8A9B9ECF9EC571138DA',0,'https://www.iesdouyin.com/share/video/7277746780912012555/?region=CN&mid=7277746944561122085&u_code=kbb98ah9&did=MS4wLjABAAAANwkJuWIRFOzg5uCpDRpMj4OX-QryoDgn-yYlXQnRwQQ&iid=MS4wLjABAAAANwkJuWIRFOzg5uCpDRpMj4OX-QryoDgn-yYlXQnRwQQ&with_sec_did=1&titleType=title&share_sign=zbkRna0DaSztMVvRWosUc_ZDakfVNCp9SNM0DG6ToWE-&share_version=230200&ts=1700030690&from_aid=1128&from_ssr=1',0,1,0,0,465,0,'_0004KdgRfrPtVLR8nN2WKq_hQp5sQT6orgn',202311070001),('@9VwUxeSUWJ9lMiXzco1kRc7912LuOvyLOpV5qAquJlYSbPn/60zdRmYqig357zEBBKfBXruUBe0sfi+sJYpQxw==','四叶天代理IP站点 #四叶天代理 #ip #地址 #设备 #用户 #isp',1,'2023-09-12 09:43:59',4,'https://p3-sign.douyinpic.com/tos-cn-p-0015/oAQnJfBaM9W8BCQuW6JBU7GAD3Elfw9I0Abe7w~c5_300x400.jpeg?x-expires=1701237600&x-signature=5acTElV93bSDaQXVM2is4HkRP6o%3D&from=3213915784_large&s=PackSourceEnum_PUBLISH&se=false&sc=cover&biz_tag=aweme_video&l=20231115144450A8A9B9ECF9EC571138DA',0,'https://www.iesdouyin.com/share/video/7277749108108971283/?region=CN&mid=7277749261478185787&u_code=kbb98ah9&did=MS4wLjABAAAANwkJuWIRFOzg5uCpDRpMj4OX-QryoDgn-yYlXQnRwQQ&iid=MS4wLjABAAAANwkJuWIRFOzg5uCpDRpMj4OX-QryoDgn-yYlXQnRwQQ&with_sec_did=1&titleType=title&share_sign=h684MRHA3HXZemfkYovn8lmKgZ5i0l7m5ap43pj0Cck-&share_version=230200&ts=1700030690&from_aid=1128&from_ssr=1',1,2,0,0,616,0,'_0004KdgRfrPtVLR8nN2WKq_hQp5sQT6orgn',202311070001),('@9VwUxeSUWJ9lMiXzco1kRc7912LvP/CEP5NzoQ+vJlQWavj+60zdRmYqig357zEBh7jo2WIuFcnVDJusKEDUeg==','动态IP服务器随时切换IP地址保护个人隐私 #四叶天代理 #ip #地址 #服务器 #用户 #动态',1,'2023-09-08 11:07:59',4,'https://p26-sign.douyinpic.com/tos-cn-p-0015/oAQAOFEPJCIjUf35H0SS4AQyBBg1290Af7gBfG~c5_300x400.jpeg?x-expires=1701237600&x-signature=mOZ43ZVELlZKcjqRztxlIvUJrdU%3D&from=3213915784_large&s=PackSourceEnum_PUBLISH&se=false&sc=cover&biz_tag=aweme_video&l=20231115144450A8A9B9ECF9EC571138DA',0,'https://www.iesdouyin.com/share/video/7276286462859955492/?region=CN&mid=7276286570196618039&u_code=kbb98ah9&did=MS4wLjABAAAANwkJuWIRFOzg5uCpDRpMj4OX-QryoDgn-yYlXQnRwQQ&iid=MS4wLjABAAAANwkJuWIRFOzg5uCpDRpMj4OX-QryoDgn-yYlXQnRwQQ&with_sec_did=1&titleType=title&share_sign=d9p03Wc9VqlrL2ktXU0uLa.bgO2pjp6oTy1VC5sSptc-&share_version=230200&ts=1700030690&from_aid=1128&from_ssr=1',2,3,0,0,718,0,'_0004KdgRfrPtVLR8nN2WKq_hQp5sQT6orgn',202311070001),('@9VwUxeSUWJ9lMiXzco1kRc7912LvP/CGPpV2rAqiJ1IaZ/X060zdRmYqig357zEBzHb3wc1iChUR2bfRFOEoRw==','动态IP地址轻松修改3种方法告诉你 #四叶天代理 #ip #地址 #路由器 #代理服务器 #我们',1,'2023-09-08 11:01:04',4,'https://p26-sign.douyinpic.com/tos-cn-p-0015/o8CKBbjDnBzJeI8Bn6DjohEmeCEIeFpAW97L5A~c5_300x400.jpeg?x-expires=1701237600&x-signature=M35WZ6hYQfdB821lRzRGuYzpBJo%3D&from=3213915784_large&s=PackSourceEnum_PUBLISH&se=false&sc=cover&biz_tag=aweme_video&l=20231115144450A8A9B9ECF9EC571138DA',0,'https://www.iesdouyin.com/share/video/7276284507504839948/?region=CN&mid=7276284783292943165&u_code=kbb98ah9&did=MS4wLjABAAAANwkJuWIRFOzg5uCpDRpMj4OX-QryoDgn-yYlXQnRwQQ&iid=MS4wLjABAAAANwkJuWIRFOzg5uCpDRpMj4OX-QryoDgn-yYlXQnRwQQ&with_sec_did=1&titleType=title&share_sign=jaoY1iqzQcv3VUsHxlxYjbV_Z9ISDNTzFb8HiLKvAMI-&share_version=230200&ts=1700030690&from_aid=1128&from_ssr=1',1,4,0,0,2611,1,'_0004KdgRfrPtVLR8nN2WKq_hQp5sQT6orgn',202311070001),('@9VwUxeSUWJ9lMiXzco1kRc7912PhNfCDPpJ4oAqhLVQWa/j960zdRmYqig357zEBdyMYWmPqi5GIY953BPPpHA==','选好代理ip，保护个人隐私 #ip  #代理  #用户  #xx  #yy',1,'2023-08-19 12:13:22',4,'https://p3-sign.douyinpic.com/tos-cn-p-0015/owDnJCFRDrjBIWegkGfAvQEb0FW9BYA4gEAGlG~c5_300x400.jpeg?x-expires=1701237600&x-signature=auGqc9%2F%2FnSTouKdbnZAjwIA83VU%3D&from=3213915784_large&s=PackSourceEnum_PUBLISH&se=false&sc=cover&biz_tag=aweme_video&l=20231115144451BAE11E634CF6D80EB4DC',0,'https://www.iesdouyin.com/share/video/7268881579907255591/?region=CN&mid=7268881698616199992&u_code=kbb98ah9&did=MS4wLjABAAAANwkJuWIRFOzg5uCpDRpMj4OX-QryoDgn-yYlXQnRwQQ&iid=MS4wLjABAAAANwkJuWIRFOzg5uCpDRpMj4OX-QryoDgn-yYlXQnRwQQ&with_sec_did=1&titleType=title&share_sign=XMYLgZdBwI28hbxTnhSBZ74BBQt6vRArxkEmAivLTy4-&share_version=230200&ts=1700030691&from_aid=1128&from_ssr=1',0,0,0,0,163,0,'_0004KdgRfrPtVLR8nN2WKq_hQp5sQT6orgn',202311070001),('@9VwUxeSUWJ9lMiXzco1kRc7912PhNfmFM5R3oQmvKlkab/f960zdRmYqig357zEBbLR6fZ8bZDy25sLDuEclvg==','网络安全：使用免费代理IP保护隐私 #ip  #代理  #个人隐私  #免费  #访问速度',1,'2023-08-19 08:06:14',4,'https://p26-sign.douyinpic.com/tos-cn-p-0015/o4b9IAdSSXXfnx6AKABiQa5DgBeuAkAA4ZnNHD~c5_300x400.jpeg?x-expires=1701237600&x-signature=Zo6XudfR0Wm8ZnQJyBUjTNbh9c8%3D&from=3213915784_large&s=PackSourceEnum_PUBLISH&se=false&sc=cover&biz_tag=aweme_video&l=20231115144451BAE11E634CF6D80EB4DC',0,'https://www.iesdouyin.com/share/video/7268817816839589161/?region=CN&mid=7268818017769311037&u_code=kbb98ah9&did=MS4wLjABAAAANwkJuWIRFOzg5uCpDRpMj4OX-QryoDgn-yYlXQnRwQQ&iid=MS4wLjABAAAANwkJuWIRFOzg5uCpDRpMj4OX-QryoDgn-yYlXQnRwQQ&with_sec_did=1&titleType=title&share_sign=gSeEstNo7dT2kibqkGhqTTEYw06I0BnAKArr8tNIJho-&share_version=230200&ts=1700030691&from_aid=1128&from_ssr=1',0,0,0,0,166,0,'_0004KdgRfrPtVLR8nN2WKq_hQp5sQT6orgn',202311070001),('@9VwUxeSUWJ9lMiXzco1kRc7912PhOf+GOZd4qA2iLlYUbvL660zdRmYqig357zEB3KkMEdlo+8Ha5unkWJFfHQ==','网络代理：免费获取IP地址 #ip  #代理  #地址  #免费  #提供商',1,'2023-08-18 09:52:35',4,'https://p3-sign.douyinpic.com/tos-cn-p-0015/oc5AI7kQetanaBQzgQDusbDOeAA9WC3NIkUFGI~c5_300x400.jpeg?x-expires=1701237600&x-signature=c8GOjMuHibvqF7Yld4LRSP%2FRMwc%3D&from=3213915784_large&s=PackSourceEnum_PUBLISH&se=false&sc=cover&biz_tag=aweme_video&l=20231115144451BAE11E634CF6D80EB4DC',0,'https://www.iesdouyin.com/share/video/7268474229174177036/?region=CN&mid=7268474342059559736&u_code=kbb98ah9&did=MS4wLjABAAAANwkJuWIRFOzg5uCpDRpMj4OX-QryoDgn-yYlXQnRwQQ&iid=MS4wLjABAAAANwkJuWIRFOzg5uCpDRpMj4OX-QryoDgn-yYlXQnRwQQ&with_sec_did=1&titleType=title&share_sign=bBkJ29XQsYyDJOUeBIBow1a6QijzJhdbA5jzAYUA8yc-&share_version=230200&ts=1700030691&from_aid=1128&from_ssr=1',0,1,0,0,201,0,'_0004KdgRfrPtVLR8nN2WKq_hQp5sQT6orgn',202311070001),('@9VwUxeSUWJ9lMiXzco1kRc7912PhOf6EMpN3rwqkKlcVZ/b560zdRmYqig357zEBVtXqo9EoTknDypKN+qUXUw==','手机如何设置代理ip地址 #代理  #ip  #设置  #wi  #fi',1,'2023-08-18 09:24:31',4,'https://p11-sign.douyinpic.com/tos-cn-p-0015/oE8J9AVVsCByWDQku3ebABgekkEBh0IT9knAAG~c5_300x400.jpeg?x-expires=1701237600&x-signature=Z9ee9C2XG%2BUKvo1J57BJbmaV7i4%3D&from=3213915784_large&s=PackSourceEnum_PUBLISH&se=false&sc=cover&biz_tag=aweme_video&l=20231115144451BAE11E634CF6D80EB4DC',0,'https://www.iesdouyin.com/share/video/7268466966602566975/?region=CN&mid=7268467107993488184&u_code=kbb98ah9&did=MS4wLjABAAAANwkJuWIRFOzg5uCpDRpMj4OX-QryoDgn-yYlXQnRwQQ&iid=MS4wLjABAAAANwkJuWIRFOzg5uCpDRpMj4OX-QryoDgn-yYlXQnRwQQ&with_sec_did=1&titleType=title&share_sign=BsmQ4pyvzzodzSGdWbnt9zoA24tfNDWDByU.RUCf7hw-&share_version=230200&ts=1700030691&from_aid=1128&from_ssr=1',2,3,0,0,524,0,'_0004KdgRfrPtVLR8nN2WKq_hQp5sQT6orgn',202311070001),('@9VwUxeSUWJ9lMiXzco1kRc7912PhOfGHOZF4qQimJ1UaavP760zdRmYqig357zEBRt4Z3lHk1wczKNjlDkYh4w==','获取代理ip：保护个人隐私安全 #ip  #代理  #用户  #代理服务器  #付费',1,'2023-08-18 11:14:05',4,'https://p3-sign.douyinpic.com/tos-cn-p-0015/og2MDyS3gHP9AIWfkqQ2oxehA8A9CubwBtC8nc~c5_300x400.jpeg?x-expires=1701237600&x-signature=E0OZYaFWjN%2FyjRa%2BLMq21oQcaj4%3D&from=3213915784_large&s=PackSourceEnum_PUBLISH&se=false&sc=cover&biz_tag=aweme_video&l=20231115144451BAE11E634CF6D80EB4DC',0,'https://www.iesdouyin.com/share/video/7268495249020849427/?region=CN&mid=7268495363051359034&u_code=kbb98ah9&did=MS4wLjABAAAANwkJuWIRFOzg5uCpDRpMj4OX-QryoDgn-yYlXQnRwQQ&iid=MS4wLjABAAAANwkJuWIRFOzg5uCpDRpMj4OX-QryoDgn-yYlXQnRwQQ&with_sec_did=1&titleType=title&share_sign=zrMWf9wBe1vlimv.4moSl.NZiQ7aMBTvrUBgGYxqN2s-&share_version=230200&ts=1700030691&from_aid=1128&from_ssr=1',1,1,0,0,584,0,'_0004KdgRfrPtVLR8nN2WKq_hQp5sQT6orgn',202311070001),('@9VwUxeSUWJ9lMiXzco1kRc7912PhOPiAPpF1rg+kKVYVb/T860zdRmYqig357zEBHaMmThDvxHns/4ioxHndhg==','揭秘：使用代理ip后，你的ip地址是否也变成了代理ip？ #ip  #用户  #代理  #地址  #代理服务器',1,'2023-08-18 11:42:29',4,'https://p3-sign.douyinpic.com/tos-cn-p-0015/oMo9S8iDi69QBQDIeBekA0Ong2CT3ACTbu3AzB~c5_300x400.jpeg?x-expires=1701237600&x-signature=mqW6AtTiIAc4JXh7tFFWt0oaRqM%3D&from=3213915784_large&s=PackSourceEnum_PUBLISH&se=false&sc=cover&biz_tag=aweme_video&l=20231115144451BAE11E634CF6D80EB4DC',0,'https://www.iesdouyin.com/share/video/7268502544752676150/?region=CN&mid=7268502663019367229&u_code=kbb98ah9&did=MS4wLjABAAAANwkJuWIRFOzg5uCpDRpMj4OX-QryoDgn-yYlXQnRwQQ&iid=MS4wLjABAAAANwkJuWIRFOzg5uCpDRpMj4OX-QryoDgn-yYlXQnRwQQ&with_sec_did=1&titleType=title&share_sign=0.Fv502_Oo4GK.C0_nuEIAf3qzqwJlcQKvkaoC3S7N4-&share_version=230200&ts=1700030691&from_aid=1128&from_ssr=1',0,4,0,0,642,0,'_0004KdgRfrPtVLR8nN2WKq_hQp5sQT6orgn',202311070001),('@9VwUxeSUWJ9lMiXzco1kRc7912PhOPiEM5VzrA2mJlYRavP060zdRmYqig357zEBbNPm5RrHEoE8a0+Gtvx1KQ==','教你简单设置代理ip轻松通过另一台电脑上网 #ip  #电脑  #代理  #我们  #上网',1,'2023-08-18 11:58:59',4,'https://p26-sign.douyinpic.com/tos-cn-p-0015/oUAL5HdrJBQK7rwVAPCaerkv5DjQEg27IBexe8~c5_300x400.jpeg?x-expires=1701237600&x-signature=VNMGla04jTDaRsOI85NxAsSjYnM%3D&from=3213915784_large&s=PackSourceEnum_PUBLISH&se=false&sc=cover&biz_tag=aweme_video&l=20231115144451BAE11E634CF6D80EB4DC',0,'https://www.iesdouyin.com/share/video/7268506802570972428/?region=CN&mid=7268506913070058301&u_code=kbb98ah9&did=MS4wLjABAAAANwkJuWIRFOzg5uCpDRpMj4OX-QryoDgn-yYlXQnRwQQ&iid=MS4wLjABAAAANwkJuWIRFOzg5uCpDRpMj4OX-QryoDgn-yYlXQnRwQQ&with_sec_did=1&titleType=title&share_sign=rz80r5Jke_pYgsglGciXGFI9tbqxzpH4YiMzJG43rDE-&share_version=230200&ts=1700030691&from_aid=1128&from_ssr=1',1,18,0,0,2139,0,'_0004KdgRfrPtVLR8nN2WKq_hQp5sQT6orgn',202311070001),('@9VwUxeSUWJ9lMiXzco1kRc7912PhOPuAM5F1qgOgK1IRaPb660zdRmYqig357zEB+wp9RPAJjD80b4fDfBtH3w==','如何使用代理ip访问网站保护隐私安全 #ip  #代理  #使用  #访问  #网站',1,'2023-08-18 13:40:06',4,'https://p3-sign.douyinpic.com/tos-cn-p-0015/oIg9QCkAwSH2UrgfnAQro38eJEEB2gbKDBA9DD~c5_300x400.jpeg?x-expires=1701237600&x-signature=xXzzPyiMVoAhq87T92k74yZQdA4%3D&from=3213915784_large&s=PackSourceEnum_PUBLISH&se=false&sc=cover&biz_tag=aweme_video&l=20231115144451BAE11E634CF6D80EB4DC',0,'https://www.iesdouyin.com/share/video/7268532844396432676/?region=CN&mid=7268532973049891642&u_code=kbb98ah9&did=MS4wLjABAAAANwkJuWIRFOzg5uCpDRpMj4OX-QryoDgn-yYlXQnRwQQ&iid=MS4wLjABAAAANwkJuWIRFOzg5uCpDRpMj4OX-QryoDgn-yYlXQnRwQQ&with_sec_did=1&titleType=title&share_sign=lyNSKSep7BSQ2lLdYHmQ5wqUyLApIUiu6_aQdhitl.g-&share_version=230200&ts=1700030691&from_aid=1128&from_ssr=1',0,0,0,0,32,0,'_0004KdgRfrPtVLR8nN2WKq_hQp5sQT6orgn',202311070001),('@9VwUxeSUWJ9lMiXzco1kRc7912PhP/iCO515qw2lK1MQaPP060zdRmYqig357zEBbBi5vEiRlZF6YX9BoTGT/w==','代理ip：隐私与速度的完美结合 #ip  #代理  #访问速度  #地址  #网络',1,'2023-08-17 16:08:41',4,'https://p3-sign.douyinpic.com/tos-cn-p-0015/o45cAP7D9N4bYWmSqgCdfQu3IAmknOn8TDwAeB~c5_300x400.jpeg?x-expires=1701237600&x-signature=covjBNHIP8BtGLTQ0c0tKjOdT98%3D&from=3213915784_large&s=PackSourceEnum_PUBLISH&se=false&sc=cover&biz_tag=aweme_video&l=2023111514445248642911CE3ABF11AEFF',0,'https://www.iesdouyin.com/share/video/7268200088273423628/?region=CN&mid=7268200171704486715&u_code=kbb98ah9&did=MS4wLjABAAAANwkJuWIRFOzg5uCpDRpMj4OX-QryoDgn-yYlXQnRwQQ&iid=MS4wLjABAAAANwkJuWIRFOzg5uCpDRpMj4OX-QryoDgn-yYlXQnRwQQ&with_sec_did=1&titleType=title&share_sign=vGf5lPQxNTIInPNfD8Awh4QncFlpmgKPJ42_2p8InVY-&share_version=230200&ts=1700030692&from_aid=1128&from_ssr=1',0,0,0,0,15,0,'_0004KdgRfrPtVLR8nN2WKq_hQp5sQT6orgn',202311070001),('@9VwUxeSUWJ9lMiXzco1kRc7912PhP/mAM5F2rQOlLlIaafT/60zdRmYqig357zEBMeZkY0Bvhf6YsH5Ev0KoQA==','网页代理ip\n匿名访问网络利器！ #代理服务器  #ip  #代理  #设置  #浏览器',1,'2023-08-17 16:58:17',4,'https://p26-sign.douyinpic.com/tos-cn-p-0015/oMJfIdsBAnDnbA2tU4ICbeREEBGEQQb47eu8AC~c5_300x400.jpeg?x-expires=1701237600&x-signature=d5gH0hTR%2FaHPhwcE17BSBq59k9s%3D&from=3213915784_large&s=PackSourceEnum_PUBLISH&se=false&sc=cover&biz_tag=aweme_video&l=20231115144451BAE11E634CF6D80EB4DC',0,'https://www.iesdouyin.com/share/video/7268212847493139753/?region=CN&mid=7268212956295744315&u_code=kbb98ah9&did=MS4wLjABAAAANwkJuWIRFOzg5uCpDRpMj4OX-QryoDgn-yYlXQnRwQQ&iid=MS4wLjABAAAANwkJuWIRFOzg5uCpDRpMj4OX-QryoDgn-yYlXQnRwQQ&with_sec_did=1&titleType=title&share_sign=tb4RsvAlGQsjXo9180mREYPpOoAZQCgUUxx4d101TLk-&share_version=230200&ts=1700030691&from_aid=1128&from_ssr=1',0,0,0,0,44,0,'_0004KdgRfrPtVLR8nN2WKq_hQp5sQT6orgn',202311070001),('@9VwUxeSUWJ9lMiXzco1kRc7912PhP/qEPpdzqQihLlkQavD460zdRmYqig357zEBYaR1eF1jouOvd0rgnbJtlw==','手机代理ip：保护你的隐私安全 #ip  #代理  #手机  #用户  #代理服务器',1,'2023-08-17 17:51:09',4,'https://p3-sign.douyinpic.com/tos-cn-p-0015/oYMJuBnXIBCD1fdabBAAQxseqedFMKl2Yr07G7~c5_300x400.jpeg?x-expires=1701237600&x-signature=a5KZQgC9lQbEmOsvBZ%2FlQXmT71s%3D&from=3213915784_large&s=PackSourceEnum_PUBLISH&se=false&sc=cover&biz_tag=aweme_video&l=20231115144451BAE11E634CF6D80EB4DC',0,'https://www.iesdouyin.com/share/video/7268226522027183414/?region=CN&mid=7268226583507405624&u_code=kbb98ah9&did=MS4wLjABAAAANwkJuWIRFOzg5uCpDRpMj4OX-QryoDgn-yYlXQnRwQQ&iid=MS4wLjABAAAANwkJuWIRFOzg5uCpDRpMj4OX-QryoDgn-yYlXQnRwQQ&with_sec_did=1&titleType=title&share_sign=6ggZ8jvbv.jT1i.hlgclCodIIb.AkW_78q4BdzjYeQQ-&share_version=230200&ts=1700030691&from_aid=1128&from_ssr=1',0,0,0,0,52,0,'_0004KdgRfrPtVLR8nN2WKq_hQp5sQT6orgn',202311070001),('@9VwUxeSUWJ9lMiXzco1kRc7912PhPfCAPZZ4qg2kJlUVaPj160zdRmYqig357zEBejB08tMAWaB45ZcHwWnS9w==','代理ip：隐藏身份保护隐私 #ip  #代理  #代理服务器  #用户  #地址',1,'2023-08-17 08:32:54',4,'https://p3-sign.douyinpic.com/tos-cn-p-0015/ocBdCbdenAnk8eXAwdDaWaIr3BNQcKJgrR9bqA~c5_300x400.jpeg?x-expires=1701237600&x-signature=WaCLJSHKJXSt1pYbOTRigXbIHeE%3D&from=3213915784_large&s=PackSourceEnum_PUBLISH&se=false&sc=cover&biz_tag=aweme_video&l=2023111514445248642911CE3ABF11AEFF',0,'https://www.iesdouyin.com/share/video/7268082639372946699/?region=CN&mid=7268082713964350264&u_code=kbb98ah9&did=MS4wLjABAAAANwkJuWIRFOzg5uCpDRpMj4OX-QryoDgn-yYlXQnRwQQ&iid=MS4wLjABAAAANwkJuWIRFOzg5uCpDRpMj4OX-QryoDgn-yYlXQnRwQQ&with_sec_did=1&titleType=title&share_sign=ScmYUm595fJMDguSaXzUKMrPMafKNGC5vCaShqgc21A-&share_version=230200&ts=1700030692&from_aid=1128&from_ssr=1',0,1,0,0,298,0,'_0004KdgRfrPtVLR8nN2WKq_hQp5sQT6orgn',202311070001),('@9VwUxeSUWJ9lMiXzco1kRc7912PhPfCHOJR0oQivKlgaa/H760zdRmYqig357zEBNJh5suQ4Ko+pEqMOO4NJZQ==','轻松查看代理ip\n保护个人隐私！ #ip  #代理  #查看  #插件  #浏览器',1,'2023-08-17 08:43:16',4,'https://p11-sign.douyinpic.com/tos-cn-p-0015/oIJuWlF2getUC6QBQ6V6OBAUE74kdG2feAIPoH~c5_300x400.jpeg?x-expires=1701237600&x-signature=x6gqjOF4nvlivqHO5mkW8ncooSM%3D&from=3213915784_large&s=PackSourceEnum_PUBLISH&se=false&sc=cover&biz_tag=aweme_video&l=2023111514445248642911CE3ABF11AEFF',0,'https://www.iesdouyin.com/share/video/7268085315829599507/?region=CN&mid=7268085389562858296&u_code=kbb98ah9&did=MS4wLjABAAAANwkJuWIRFOzg5uCpDRpMj4OX-QryoDgn-yYlXQnRwQQ&iid=MS4wLjABAAAANwkJuWIRFOzg5uCpDRpMj4OX-QryoDgn-yYlXQnRwQQ&with_sec_did=1&titleType=title&share_sign=CxaAiNSjzlKfVlUbIxRNHOGCYUK7Sn.2Y5SBdVMjiH0-&share_version=230200&ts=1700030692&from_aid=1128&from_ssr=1',0,1,0,0,426,0,'_0004KdgRfrPtVLR8nN2WKq_hQp5sQT6orgn',202311070001),('@9VwUxeSUWJ9lMiXzco1kRc7912PhPfCKOZRwrwKgLlAVaPD160zdRmYqig357zEB2EJcVLLIAm43agnm4SvkVg==','手机代理ip：保护你的隐私安全 #ip  #代理  #代理服务器  #手机  #tor',1,'2023-08-17 08:54:59',4,'https://p3-sign.douyinpic.com/tos-cn-p-0015/ogA2eRB8IHReKpmCb3TD6PeEdQxD0N12AAf5m2~c5_300x400.jpeg?x-expires=1701237600&x-signature=ekXIljInT%2BLufuCWdWjV%2B55FMoA%3D&from=3213915784_large&s=PackSourceEnum_PUBLISH&se=false&sc=cover&biz_tag=aweme_video&l=2023111514445248642911CE3ABF11AEFF',0,'https://www.iesdouyin.com/share/video/7268088211686116619/?region=CN&mid=7268088405592967991&u_code=kbb98ah9&did=MS4wLjABAAAANwkJuWIRFOzg5uCpDRpMj4OX-QryoDgn-yYlXQnRwQQ&iid=MS4wLjABAAAANwkJuWIRFOzg5uCpDRpMj4OX-QryoDgn-yYlXQnRwQQ&with_sec_did=1&titleType=title&share_sign=sBlEkSAnzire99SQ6jLBkt8UVQbhrRJWdbqVhvTHivE-&share_version=230200&ts=1700030692&from_aid=1128&from_ssr=1',0,0,0,0,344,0,'_0004KdgRfrPtVLR8nN2WKq_hQp5sQT6orgn',202311070001),('@9VwUxeSUWJ9lMiXzco1kRc7912PhPfGDOZxyqw6nLVAVbPf060zdRmYqig357zEBMjb0kStHg9SFJePaf80PDw==','代理IP技术助力网络隐私保护 #ip  #代理服务器  #用户  #网站  #请求',1,'2023-08-17 09:06:44',4,'https://p6-sign.douyinpic.com/tos-cn-p-0015/oArAuI6fdSJA9GNcHbDiCeuB7BqnnAUaeEbzJX~c5_300x400.jpeg?x-expires=1701237600&x-signature=JmQz3hm9U33tPLmdc%2FBXw3Au3%2Bg%3D&from=3213915784_large&s=PackSourceEnum_PUBLISH&se=false&sc=cover&biz_tag=aweme_video&l=2023111514445248642911CE3ABF11AEFF',0,'https://www.iesdouyin.com/share/video/7268091293241216268/?region=CN&mid=7268091435574954813&u_code=kbb98ah9&did=MS4wLjABAAAANwkJuWIRFOzg5uCpDRpMj4OX-QryoDgn-yYlXQnRwQQ&iid=MS4wLjABAAAANwkJuWIRFOzg5uCpDRpMj4OX-QryoDgn-yYlXQnRwQQ&with_sec_did=1&titleType=title&share_sign=5DyGpx8EHHRJnUnRl5VoFEdB27Zn08ocFgrcrLo0xJg-&share_version=230200&ts=1700030692&from_aid=1128&from_ssr=1',0,1,0,0,296,0,'_0004KdgRfrPtVLR8nN2WKq_hQp5sQT6orgn',202311070001),('@9VwUxeSUWJ9lMiXzco1kRc7912PhPfGHOpBxqwyuKVIRbfL+60zdRmYqig357zEBQ1fIs6c68vDYQ1btehMC2Q==','代理IP隐藏你的真实IP\n提高网络安全性 #ip  #地址  #代理  #代理服务器  #通信',1,'2023-08-17 09:21:38',4,'https://p3-sign.douyinpic.com/tos-cn-p-0015/o4vdiBPkyPAvVBHdBHfhgszOAbAePDAIEONACr~c5_300x400.jpeg?x-expires=1701237600&x-signature=MUFe0%2FJN0oLzxNxYthytuXIi7zE%3D&from=3213915784_large&s=PackSourceEnum_PUBLISH&se=false&sc=cover&biz_tag=aweme_video&l=2023111514445248642911CE3ABF11AEFF',0,'https://www.iesdouyin.com/share/video/7268095150268632332/?region=CN&mid=7268095265872202533&u_code=kbb98ah9&did=MS4wLjABAAAANwkJuWIRFOzg5uCpDRpMj4OX-QryoDgn-yYlXQnRwQQ&iid=MS4wLjABAAAANwkJuWIRFOzg5uCpDRpMj4OX-QryoDgn-yYlXQnRwQQ&with_sec_did=1&titleType=title&share_sign=L1fka96kv1GVt1k6DdXq6F4g7SCCWAK_BPKD19iXY5Q-&share_version=230200&ts=1700030692&from_aid=1128&from_ssr=1',0,1,0,0,281,0,'_0004KdgRfrPtVLR8nN2WKq_hQp5sQT6orgn',202311070001),('@9VwUxeSUWJ9lMiXzco1kRc7912PhPP+AO5NwqAqhJ1IXb/L960zdRmYqig357zEBMSnT5WuYGht2QSdziTvsyw==','网络隐私保护\n如何设置代理ip？ #ip  #代理  #设置  #代理服务器  #端口号',1,'2023-08-17 14:19:59',4,'https://p3-sign.douyinpic.com/tos-cn-p-0015/oIeB4fA5BbENTMbiAyMTAHDdV9EAIBaJztvqhg~c5_300x400.jpeg?x-expires=1701237600&x-signature=%2F%2FjvRag%2Fcq19R6h2WH6old2Y%2B%2Fo%3D&from=3213915784_large&s=PackSourceEnum_PUBLISH&se=false&sc=cover&biz_tag=aweme_video&l=2023111514445248642911CE3ABF11AEFF',0,'https://www.iesdouyin.com/share/video/7268172061107834131/?region=CN&mid=7268172165744855869&u_code=kbb98ah9&did=MS4wLjABAAAANwkJuWIRFOzg5uCpDRpMj4OX-QryoDgn-yYlXQnRwQQ&iid=MS4wLjABAAAANwkJuWIRFOzg5uCpDRpMj4OX-QryoDgn-yYlXQnRwQQ&with_sec_did=1&titleType=title&share_sign=4Yx3ZNEHHY.l97Oix07wCgLG9_LiVJPFu0Zn0D4ngco-&share_version=230200&ts=1700030692&from_aid=1128&from_ssr=1',0,0,0,0,86,0,'_0004KdgRfrPtVLR8nN2WKq_hQp5sQT6orgn',202311070001),('@9VwUxeSUWJ9lMiXzco1kRc7912PhPP6BP5F3qA6jJ1cRZ/P/60zdRmYqig357zEBtjdEQOjJ3Qh3u9MDiw80hg==','代理ip跳转揭秘\n如何隐藏真实ip地址？ #ip  #代理  #代理服务器  #服务器  #跳转',1,'2023-08-17 13:46:33',4,'https://p3-sign.douyinpic.com/tos-cn-p-0015/oICB3fWAWbrnkZMkCFm9HqbQAQAe7aDkgImQTE~c5_300x400.jpeg?x-expires=1701237600&x-signature=vzlfABdO9VKhXlPGacBYzOe1Ar0%3D&from=3213915784_large&s=PackSourceEnum_PUBLISH&se=false&sc=cover&biz_tag=aweme_video&l=2023111514445248642911CE3ABF11AEFF',0,'https://www.iesdouyin.com/share/video/7268163446145862923/?region=CN&mid=7268163566121519927&u_code=kbb98ah9&did=MS4wLjABAAAANwkJuWIRFOzg5uCpDRpMj4OX-QryoDgn-yYlXQnRwQQ&iid=MS4wLjABAAAANwkJuWIRFOzg5uCpDRpMj4OX-QryoDgn-yYlXQnRwQQ&with_sec_did=1&titleType=title&share_sign=eQPAZII2Uh9yGXsUGCY2V2VNElO4pg0QO5JkXkb31RU-&share_version=230200&ts=1700030692&from_aid=1128&from_ssr=1',0,2,0,0,221,1,'_0004KdgRfrPtVLR8nN2WKq_hQp5sQT6orgn',202311070001),('@9VwUxeSUWJ9lMiXzco1kRc7912PhPPiLOZRyqwykKlAWavf060zdRmYqig357zEB6qjbo4lKL2vi62BLPj6INw==','手机代理ip，如何安全使用？ #ip  #代理服务器  #代理  #手机  #使用',1,'2023-08-17 10:16:09',4,'https://p9-sign.douyinpic.com/tos-cn-p-0015/oEybbC6gIRsbBZtAEvJdCAAwBefugCtZgghzFh~c5_300x400.jpeg?x-expires=1701237600&x-signature=FCl345consNgGywqYjGWyJzCkA4%3D&from=3213915784_large&s=PackSourceEnum_PUBLISH&se=false&sc=cover&biz_tag=aweme_video&l=2023111514445248642911CE3ABF11AEFF',0,'https://www.iesdouyin.com/share/video/7268109213262515468/?region=CN&mid=7268109323413375799&u_code=kbb98ah9&did=MS4wLjABAAAANwkJuWIRFOzg5uCpDRpMj4OX-QryoDgn-yYlXQnRwQQ&iid=MS4wLjABAAAANwkJuWIRFOzg5uCpDRpMj4OX-QryoDgn-yYlXQnRwQQ&with_sec_did=1&titleType=title&share_sign=ChLaSIPZQxqZ1HoE2V7jYV87WqrT0_HBh.PgRVizBdU-&share_version=230200&ts=1700030692&from_aid=1128&from_ssr=1',0,0,0,0,60,0,'_0004KdgRfrPtVLR8nN2WKq_hQp5sQT6orgn',202311070001),('@9VwUxeSUWJ9lMiXzco1kRc7912PoNPmCOJZwrQOmJ1kTZvP+60zdRmYqig357zEBs9ZDchpC+Rq6LgkwjAZ7cQ==','百度人工智能机器人 #人工智能 #百度 #机器人 #成片 #文字',1,'2023-07-31 17:21:20',4,'https://p11-sign.douyinpic.com/tos-cn-p-0015/ocUQOAxOvGE4fHgJej52BCAJBf69nMQ579PDBS~c5_300x400.jpeg?x-expires=1701237600&x-signature=fftIUm1yF3lw3M0GEbuO1xEGrpI%3D&from=3213915784_large&s=PackSourceEnum_PUBLISH&se=false&sc=cover&biz_tag=aweme_video&l=202311151444537FDB040144C0140FE3BD',0,'https://www.iesdouyin.com/share/video/7261910331490880822/?region=CN&mid=7261910450420386616&u_code=kbb98ah9&did=MS4wLjABAAAANwkJuWIRFOzg5uCpDRpMj4OX-QryoDgn-yYlXQnRwQQ&iid=MS4wLjABAAAANwkJuWIRFOzg5uCpDRpMj4OX-QryoDgn-yYlXQnRwQQ&with_sec_did=1&titleType=title&share_sign=Z7E2UAWSkYobuZEQyJau5djUq860CAUePlNuXCn1OZc-&share_version=230200&ts=1700030694&from_aid=1128&from_ssr=1',0,2,0,0,257,0,'_0004KdgRfrPtVLR8nN2WKq_hQp5sQT6orgn',202311070001),('@9VwUxeSUWJ9lMiXzco1kRc7912PoPfCGMpRyrg+uLVASbfL160zdRmYqig357zEBHt0mkNp8fIGnT6fRlw4vDg==','人工智能引领科技革命#人工智能 #技术 #AI #发展 #领域',1,'2023-07-29 11:58:19',4,'https://p26-sign.douyinpic.com/tos-cn-p-0015/oYe4UBCGIV7Efy2E72bfEQRPJlLjhPq5iCHAAB~c5_300x400.jpeg?x-expires=1701237600&x-signature=eldaD%2BZ96%2BiPjrb5BXTKCd3U0pI%3D&from=3213915784_large&s=PackSourceEnum_PUBLISH&se=false&sc=cover&biz_tag=aweme_video&l=202311151444537FDB040144C0140FE3BD',0,'https://www.iesdouyin.com/share/video/7261084913758211339/?region=CN&mid=7261085037725076281&u_code=kbb98ah9&did=MS4wLjABAAAANwkJuWIRFOzg5uCpDRpMj4OX-QryoDgn-yYlXQnRwQQ&iid=MS4wLjABAAAANwkJuWIRFOzg5uCpDRpMj4OX-QryoDgn-yYlXQnRwQQ&with_sec_did=1&titleType=title&share_sign=acsTAaCIHi53v3lkfDJa.Dv8vPnaUZy1kU6G1_pLDU0-&share_version=230200&ts=1700030694&from_aid=1128&from_ssr=1',0,0,0,0,106,0,'_0004KdgRfrPtVLR8nN2WKq_hQp5sQT6orgn',202311070001),('@9VwUxeSUWJ9lMiXzco1kRc7912PoPfyHOZd4qgyhKFEbZ/f460zdRmYqig357zEBD2dvmrhemmMfehWKflPTKQ==','巴黎圣母院大火\n历史古迹遭受严重损失#巴黎圣母院 #火灾 #修复 #教堂 #历史',1,'2023-07-29 09:24:36',4,'https://p26-sign.douyinpic.com/tos-cn-p-0015/okDNEi9AEAAblIzEBkwg5GRxNBepfaxnGElKDY~c5_300x400.jpeg?x-expires=1701237600&x-signature=VgsKAd0cTRlmzVubc7l1QMTUFAg%3D&from=3213915784_large&s=PackSourceEnum_PUBLISH&se=false&sc=cover&biz_tag=aweme_video&l=202311151444537FDB040144C0140FE3BD',0,'https://www.iesdouyin.com/share/video/7261045229367708964/?region=CN&mid=7261045425465592635&u_code=kbb98ah9&did=MS4wLjABAAAANwkJuWIRFOzg5uCpDRpMj4OX-QryoDgn-yYlXQnRwQQ&iid=MS4wLjABAAAANwkJuWIRFOzg5uCpDRpMj4OX-QryoDgn-yYlXQnRwQQ&with_sec_did=1&titleType=title&share_sign=tT9jyMYXPwkC1QdtzMovXJ1ZEj2J8fiKvEOIShE44uI-&share_version=230200&ts=1700030694&from_aid=1128&from_ssr=1',2,3,0,0,1114,0,'_0004KdgRfrPtVLR8nN2WKq_hQp5sQT6orgn',202311070001),('@9VwUxeSUWJ9lMiXzco1kRc7912PpNfiGMpVyqg+kKFgba/H560zdRmYqig357zEBE90BU4Lo1iEG96BCcmnNYg==','静态住宅IP代理成新趋势\n如何设置？#代理 #IP #代理服务器 #设置 #静态',1,'2023-07-28 17:51:45',4,'https://p3-sign.douyinpic.com/tos-cn-p-0015/oIsPjBDQIBAJcnhbrjeED7faE7e5mBA9nCx7BE~c5_300x400.jpeg?x-expires=1701237600&x-signature=EDirmEtG%2BFH18k8zqbitPGRZUKk%3D&from=3213915784_large&s=PackSourceEnum_PUBLISH&se=false&sc=cover&biz_tag=aweme_video&l=202311151444537FDB040144C0140FE3BD',0,'https://www.iesdouyin.com/share/video/7260804903352798505/?region=CN&mid=7260805031430097725&u_code=kbb98ah9&did=MS4wLjABAAAANwkJuWIRFOzg5uCpDRpMj4OX-QryoDgn-yYlXQnRwQQ&iid=MS4wLjABAAAANwkJuWIRFOzg5uCpDRpMj4OX-QryoDgn-yYlXQnRwQQ&with_sec_did=1&titleType=title&share_sign=rend_Ur4Yu3eI6CzVB6iWCJAMO_OYmwsMFPPgcW7Tx0-&share_version=230200&ts=1700030694&from_aid=1128&from_ssr=1',0,0,0,0,70,0,'_0004KdgRfrPtVLR8nN2WKq_hQp5sQT6orgn',202311070001),('@9VwUxeSUWJ9lMiXzco1kRc7912PpPvuGMpRzqA2iLlUbZ/H860zdRmYqig357zEBiPh4yY+gGJGelRqpKqd6Hw==','如何使用代理IP #代理 #ip #匿名访问 #隐私保护 #隐私安全 #隐私安全不容忽视 #隐私',1,'2023-07-27 11:27:43',4,'https://p3-sign.douyinpic.com/tos-cn-p-0015/os7OXBaHAsfgoEEJ8eG8DQngQC5bfRmD8AnyBJ~c5_300x400.jpeg?x-expires=1701237600&x-signature=GfCaYkU7HwSCb1Yx2NYycHvxQCE%3D&from=3213915784_large&s=PackSourceEnum_PUBLISH&se=false&sc=cover&biz_tag=aweme_video&l=202311151444537FDB040144C0140FE3BD',0,'https://www.iesdouyin.com/share/video/7260334912174148900/?region=CN&mid=7260334992193145658&u_code=kbb98ah9&did=MS4wLjABAAAANwkJuWIRFOzg5uCpDRpMj4OX-QryoDgn-yYlXQnRwQQ&iid=MS4wLjABAAAANwkJuWIRFOzg5uCpDRpMj4OX-QryoDgn-yYlXQnRwQQ&with_sec_did=1&titleType=title&share_sign=ayRtpi1cFbBxVti2sfZxyz7pMRv_8wBvXDnASUS5lD0-&share_version=230200&ts=1700030694&from_aid=1128&from_ssr=1',1,6,1,0,2626,2,'_0004KdgRfrPtVLR8nN2WKq_hQp5sQT6orgn',202311070001),('@9VwUxeSUWJ9lMiXzco1kRc7912PrNP+AOpNzrAumKFMTbPj+60zdRmYqig357zEB1h06mztT5MGFF4H0SW5oYQ==','洪水中打捞漂流物不是\n“发国难财”，法律底线不能触碰 #漂流  #洪水  #捞取  #返还  #失主',1,'2023-08-03 14:02:20',4,'https://p26-sign.douyinpic.com/tos-cn-p-0015/oAolQatQzIjuhLJFASfBN2et2BNXynAEhngiAZ~c5_300x400.jpeg?x-expires=1701237600&x-signature=FOySY0okXSBh0mTGk5947uN1jyA%3D&from=3213915784_large&s=PackSourceEnum_PUBLISH&se=false&sc=cover&biz_tag=aweme_video&l=202311151444537FDB040144C0140FE3BD',0,'https://www.iesdouyin.com/share/video/7262972162510720292/?region=CN&mid=7262972430203898684&u_code=kbb98ah9&did=MS4wLjABAAAANwkJuWIRFOzg5uCpDRpMj4OX-QryoDgn-yYlXQnRwQQ&iid=MS4wLjABAAAANwkJuWIRFOzg5uCpDRpMj4OX-QryoDgn-yYlXQnRwQQ&with_sec_did=1&titleType=title&share_sign=SeSRtOHxoN7QjvIFeR3VkcICv46d9CYXLwemgnipWQE-&share_version=230200&ts=1700030694&from_aid=1128&from_ssr=1',59,12,0,0,2463,4,'_0004KdgRfrPtVLR8nN2WKq_hQp5sQT6orgn',202311070001),('@9VwUxeSUWJ9lMiXzco1kRc7912PrOPqKPJ1xrwylKlQUbfj560zdRmYqig357zEB68iOOQgyOvvZawVkQF5MWA==','暴雨山洪如何自救避险 #山洪  #暴雨  #自救  #避险  #出行',1,'2023-08-02 09:21:24',4,'https://p3-sign.douyinpic.com/tos-cn-p-0015/o0TyNECIzKAfaBrUght5ALBH5fCDukAAZC49WJ~c5_300x400.jpeg?x-expires=1701237600&x-signature=DKaPvVn%2B9QG5kxThOusYhY59OxA%3D&from=3213915784_large&s=PackSourceEnum_PUBLISH&se=false&sc=cover&biz_tag=aweme_video&l=202311151444537FDB040144C0140FE3BD',0,'https://www.iesdouyin.com/share/video/7262528780663557395/?region=CN&mid=7262528930303773500&u_code=kbb98ah9&did=MS4wLjABAAAANwkJuWIRFOzg5uCpDRpMj4OX-QryoDgn-yYlXQnRwQQ&iid=MS4wLjABAAAANwkJuWIRFOzg5uCpDRpMj4OX-QryoDgn-yYlXQnRwQQ&with_sec_did=1&titleType=title&share_sign=Wgr85PKNFxFPNf2dbZEL4dU0YoK.qQ5v.F8_B8P5K1E-&share_version=230200&ts=1700030694&from_aid=1128&from_ssr=1',1,8,0,0,1129,6,'_0004KdgRfrPtVLR8nN2WKq_hQp5sQT6orgn',202311070001),('@9VwUxeSUWJ9lMiXzco1kRc7912PrP/+GMpN0qwulK1ETbfT160zdRmYqig357zEBi2iKI6/i8jkywSEGOoZavg==','杭州女子买二手房亏100万 #小柳  #万元  #房价  #100  #出租',1,'2023-08-01 16:56:45',4,'https://p9-sign.douyinpic.com/tos-cn-p-0015/oYIpIADeKAuG3nzAADgf7ZMsEtyNyghBmBRKIA~c5_300x400.jpeg?x-expires=1701237600&x-signature=GZKvz2ZwPTrt%2Bl7fOtsVj3VYUJM%3D&from=3213915784_large&s=PackSourceEnum_PUBLISH&se=false&sc=cover&biz_tag=aweme_video&l=202311151444537FDB040144C0140FE3BD',0,'https://www.iesdouyin.com/share/video/7262274965213400359/?region=CN&mid=7262275194130107173&u_code=kbb98ah9&did=MS4wLjABAAAANwkJuWIRFOzg5uCpDRpMj4OX-QryoDgn-yYlXQnRwQQ&iid=MS4wLjABAAAANwkJuWIRFOzg5uCpDRpMj4OX-QryoDgn-yYlXQnRwQQ&with_sec_did=1&titleType=title&share_sign=Cobshe7DMAnHOUcluVg9K6nANkcjgrakGaWY9r_UDDk-&share_version=230200&ts=1700030694&from_aid=1128&from_ssr=1',1,4,0,0,973,0,'_0004KdgRfrPtVLR8nN2WKq_hQp5sQT6orgn',202311070001),('@9VwUxeSUWJ9lMiXzco1kRc7912PrP/yLOpx2oQivKVkba/n760zdRmYqig357zEBteU9KPhXRz0eok3gUgHLHg==','林志玲否认被家暴传闻\n经纪人发声澄清 #林志玲  #网络  #家暴  #谣言  #回应',1,'2023-08-01 15:16:23',4,'https://p3-sign.douyinpic.com/tos-cn-p-0015/ooYyYyim9AUBAe2WgEfyZsDzbtEKbUFhAABPII~c5_300x400.jpeg?x-expires=1701237600&x-signature=qAOBLHBcK3qAko1hVY4FS2aBDV4%3D&from=3213915784_large&s=PackSourceEnum_PUBLISH&se=false&sc=cover&biz_tag=aweme_video&l=202311151444537FDB040144C0140FE3BD',0,'https://www.iesdouyin.com/share/video/7262249197829688587/?region=CN&mid=7262249332521339709&u_code=kbb98ah9&did=MS4wLjABAAAANwkJuWIRFOzg5uCpDRpMj4OX-QryoDgn-yYlXQnRwQQ&iid=MS4wLjABAAAANwkJuWIRFOzg5uCpDRpMj4OX-QryoDgn-yYlXQnRwQQ&with_sec_did=1&titleType=title&share_sign=wrwxuyT7ACyA1al1UKBY0ZSAwLs3TcH5VATMMegpj_4-&share_version=230200&ts=1700030694&from_aid=1128&from_ssr=1',0,1,0,0,202,0,'_0004KdgRfrPtVLR8nN2WKq_hQp5sQT6orgn',202311070001),('@9VwUxeSUWJ9lMiXzco1kRc7912PrPP6GP510rQuhLFUTbPP/60zdRmYqig357zEB2XyCWR7/53v83g/rWa25og==','深度学习在自动驾驶技术中\n取得重大突破 #学习 #深度 #机器 #算法 #模型',1,'2023-08-01 09:47:45',4,'https://p11-sign.douyinpic.com/tos-cn-p-0015/ooyZDnyygQQ9AEwEkFIT7Ce9AcAINGbZBSBenn~c5_300x400.jpeg?x-expires=1701237600&x-signature=dAed4QLXkfISN3joRtZx%2FXl29vk%3D&from=3213915784_large&s=PackSourceEnum_PUBLISH&se=false&sc=cover&biz_tag=aweme_video&l=202311151444537FDB040144C0140FE3BD',0,'https://www.iesdouyin.com/share/video/7262164485417340223/?region=CN&mid=7262164647346850619&u_code=kbb98ah9&did=MS4wLjABAAAANwkJuWIRFOzg5uCpDRpMj4OX-QryoDgn-yYlXQnRwQQ&iid=MS4wLjABAAAANwkJuWIRFOzg5uCpDRpMj4OX-QryoDgn-yYlXQnRwQQ&with_sec_did=1&titleType=title&share_sign=G2iUYxAIlSDoDllMawsqy3QDLJ53gSwKMuLHpCdtfjU-&share_version=230200&ts=1700030694&from_aid=1128&from_ssr=1',0,1,0,0,147,0,'_0004KdgRfrPtVLR8nN2WKq_hQp5sQT6orgn',202311070001),('@9VwUxeSUWJ9lMiXzco1kRc7912PsNfGHPJVzqwmvLlcaZvT560zdRmYqig357zEBdbOOye3Jg2Lzo/by2gnOBw==','代理IP成为网络世界新宠\n隐藏隐私首选 #IP  #代理服务器  #代理  #使用  #IP地址',1,'2023-08-11 11:06:35',4,'https://p26-sign.douyinpic.com/tos-cn-p-0015/okgENnWES3eaA6lbAgFVeNkbpL9t1AZnDIDBAm~c5_300x400.jpeg?x-expires=1701237600&x-signature=%2FS4Cnys3laP7evqotCXs8G53pqM%3D&from=3213915784_large&s=PackSourceEnum_PUBLISH&se=false&sc=cover&biz_tag=aweme_video&l=202311151444536D0781D522D8A41553C7',0,'https://www.iesdouyin.com/share/video/7265895702239169855/?region=CN&mid=7265895815435520829&u_code=kbb98ah9&did=MS4wLjABAAAANwkJuWIRFOzg5uCpDRpMj4OX-QryoDgn-yYlXQnRwQQ&iid=MS4wLjABAAAANwkJuWIRFOzg5uCpDRpMj4OX-QryoDgn-yYlXQnRwQQ&with_sec_did=1&titleType=title&share_sign=VzQS9Qalk4gREVrQSkkiJYmYLQO9mhfhvzjVEa4PN28-&share_version=230200&ts=1700030693&from_aid=1128&from_ssr=1',0,1,0,0,252,0,'_0004KdgRfrPtVLR8nN2WKq_hQp5sQT6orgn',202311070001),('@9VwUxeSUWJ9lMiXzco1kRc7912PuOf+DPJ12rQigJ1YVaPn/60zdRmYqig357zEBDinA2MuJd3Bvq15dGaJoxg==','如何设置动态IP地址\n网络使用更灵活 #ip  #地址  #设置  #点击  #网络',1,'2023-08-15 17:02:15',4,'https://p26-sign.douyinpic.com/tos-cn-p-0015/oETECIPlgAeHAzIg9ftlzkzBaG2K7hAMxUDIBb~c5_300x400.jpeg?x-expires=1701237600&x-signature=CmJEMO2tcJ%2BkYz30G37zlmoPWn4%3D&from=3213915784_large&s=PackSourceEnum_PUBLISH&se=false&sc=cover&biz_tag=aweme_video&l=202311151444536D0781D522D8A41553C7',0,'https://www.iesdouyin.com/share/video/7267471787426876683/?region=CN&mid=7267471813003823932&u_code=kbb98ah9&did=MS4wLjABAAAANwkJuWIRFOzg5uCpDRpMj4OX-QryoDgn-yYlXQnRwQQ&iid=MS4wLjABAAAANwkJuWIRFOzg5uCpDRpMj4OX-QryoDgn-yYlXQnRwQQ&with_sec_did=1&titleType=title&share_sign=o3V4hU9sx831ZbTfg8sqO.kt9LYxo3jHx9OrwAH22G8-&share_version=230200&ts=1700030693&from_aid=1128&from_ssr=1',0,2,0,0,268,0,'_0004KdgRfrPtVLR8nN2WKq_hQp5sQT6orgn',202311070001),('@9VwUxeSUWJ9lMiXzco1kRc7912PuOf+LOZBxrQyvKlMRafP760zdRmYqig357zEB8oXb7u/QaJehylmibhpOQw==','动态ip地址\n资源管理和安全性的优势 #ip  #地址  #动态  #用户  #网络',1,'2023-08-15 17:31:14',4,'https://p3-sign.douyinpic.com/tos-cn-p-0015/oUg0bD0xkAnHikSXAnB2eLS28DXQDgb9eA0d2k~c5_300x400.jpeg?x-expires=1701237600&x-signature=XR9XZpw5YcCNDwPtUHPutL64NeI%3D&from=3213915784_large&s=PackSourceEnum_PUBLISH&se=false&sc=cover&biz_tag=aweme_video&l=202311151444536D0781D522D8A41553C7',0,'https://www.iesdouyin.com/share/video/7267479250469522727/?region=CN&mid=7267479282350345017&u_code=kbb98ah9&did=MS4wLjABAAAANwkJuWIRFOzg5uCpDRpMj4OX-QryoDgn-yYlXQnRwQQ&iid=MS4wLjABAAAANwkJuWIRFOzg5uCpDRpMj4OX-QryoDgn-yYlXQnRwQQ&with_sec_did=1&titleType=title&share_sign=_CNsG2BCuz3hcqi7zY4u6nOeYYTdEHqUxvW_rUGMqGs-&share_version=230200&ts=1700030693&from_aid=1128&from_ssr=1',0,7,0,0,991,0,'_0004KdgRfrPtVLR8nN2WKq_hQp5sQT6orgn',202311070001),('@9VwUxeSUWJ9lMiXzco1kRc7912PuOf6HMpNwqQKnK1EbZvH760zdRmYqig357zEBSLSweFFVcRfMqIlxfAoSPA==','路由器如何设置动态ip #ip  #路由器  #设置  #动态  #网络',1,'2023-08-15 16:39:40',4,'https://p6-sign.douyinpic.com/tos-cn-p-0015/oYy8DwbLgBgEZAfePA7IzcqBBbASgbtH9zOzhQ~c5_300x400.jpeg?x-expires=1701237600&x-signature=RyA3Rib17LXB2wIJkds1BWsx3tU%3D&from=3213915784_large&s=PackSourceEnum_PUBLISH&se=false&sc=cover&biz_tag=aweme_video&l=202311151444536D0781D522D8A41553C7',0,'https://www.iesdouyin.com/share/video/7267465961081408807/?region=CN&mid=7267465997899090749&u_code=kbb98ah9&did=MS4wLjABAAAANwkJuWIRFOzg5uCpDRpMj4OX-QryoDgn-yYlXQnRwQQ&iid=MS4wLjABAAAANwkJuWIRFOzg5uCpDRpMj4OX-QryoDgn-yYlXQnRwQQ&with_sec_did=1&titleType=title&share_sign=FzQGXQdzHIZt8eyVuDjOm73kNOktG77mqMBlExwyBCA-&share_version=230200&ts=1700030693&from_aid=1128&from_ssr=1',2,10,1,0,2552,8,'_0004KdgRfrPtVLR8nN2WKq_hQp5sQT6orgn',202311070001),('@9VwUxeSUWJ9lMiXzco1kRc7912PuOf6LOZxxqgyuJlgXaPH960zdRmYqig357zEB/UHvE/5nmxqa8VnM0rHcLA==','动态IP定位技术应用广泛 #ip  #地址  #设备  #动态  #定位',1,'2023-08-15 16:52:36',4,'https://p11-sign.douyinpic.com/tos-cn-p-0015/o83bDElIzmP5ZBPXghNNAMBKvf9FWyAA4NDe5b~c5_300x400.jpeg?x-expires=1701237600&x-signature=tL5lCZb1dPWEtAeezFmCrwavW0Q%3D&from=3213915784_large&s=PackSourceEnum_PUBLISH&se=false&sc=cover&biz_tag=aweme_video&l=202311151444536D0781D522D8A41553C7',0,'https://www.iesdouyin.com/share/video/7267469290368994601/?region=CN&mid=7267469331242601276&u_code=kbb98ah9&did=MS4wLjABAAAANwkJuWIRFOzg5uCpDRpMj4OX-QryoDgn-yYlXQnRwQQ&iid=MS4wLjABAAAANwkJuWIRFOzg5uCpDRpMj4OX-QryoDgn-yYlXQnRwQQ&with_sec_did=1&titleType=title&share_sign=1Khh5dwjI4__qxBzThqwd3K0t5HFWM_eBtGgB0irqfs-&share_version=230200&ts=1700030693&from_aid=1128&from_ssr=1',1,0,1,0,420,1,'_0004KdgRfrPtVLR8nN2WKq_hQp5sQT6orgn',202311070001),('@9VwUxeSUWJ9lMiXzco1kRc7912PuOfCAPZN2rQyiL1cbbfb960zdRmYqig357zEBK5HUSd8BGAcwrQVGfXonfg==','动态IP与静态IP\n哪种更适合你？ #ip  #静态  #地址  #动态  #网络',1,'2023-08-15 17:44:47',4,'https://p3-sign.douyinpic.com/tos-cn-p-0015/oU8AYPfbTEzOCOBASYHgt4hsybI1eXMADUQaSB~c5_300x400.jpeg?x-expires=1701237600&x-signature=hmJ8bEjLy9hObFSLFZeArv6e%2BDI%3D&from=3213915784_large&s=PackSourceEnum_PUBLISH&se=false&sc=cover&biz_tag=aweme_video&l=202311151444536D0781D522D8A41553C7',0,'https://www.iesdouyin.com/share/video/7267482667464068371/?region=CN&mid=7267482769156967227&u_code=kbb98ah9&did=MS4wLjABAAAANwkJuWIRFOzg5uCpDRpMj4OX-QryoDgn-yYlXQnRwQQ&iid=MS4wLjABAAAANwkJuWIRFOzg5uCpDRpMj4OX-QryoDgn-yYlXQnRwQQ&with_sec_did=1&titleType=title&share_sign=vIVd.JHUYPoOPxgNQyHx5ZqHB.3HpOapGrTtVL.z6ys-&share_version=230200&ts=1700030693&from_aid=1128&from_ssr=1',0,3,0,0,611,1,'_0004KdgRfrPtVLR8nN2WKq_hQp5sQT6orgn',202311070001),('@9VwUxeSUWJ9lMiXzco1kRc7912PuOv+EO5xxqwyhJlgWavL960zdRmYqig357zEBwV+h/Yx+z6uvEWy6THs6ow==','如何确定动态ip换取频率？ #ip  #动态  #换取  #网络  #频率',1,'2023-08-16 12:43:30',4,'https://p26-sign.douyinpic.com/tos-cn-p-0015/ocbkb49GAcn3J4FDCpePpIcfAuUJQgBGFrDCtA~c5_300x400.jpeg?x-expires=1701237600&x-signature=WTTkrgaFcQYwFWun%2FnOoU%2BcXzMQ%3D&from=3213915784_large&s=PackSourceEnum_PUBLISH&se=false&sc=cover&biz_tag=aweme_video&l=2023111514445248642911CE3ABF11AEFF',0,'https://www.iesdouyin.com/share/video/7267776090267995431/?region=CN&mid=7267776221218343737&u_code=kbb98ah9&did=MS4wLjABAAAANwkJuWIRFOzg5uCpDRpMj4OX-QryoDgn-yYlXQnRwQQ&iid=MS4wLjABAAAANwkJuWIRFOzg5uCpDRpMj4OX-QryoDgn-yYlXQnRwQQ&with_sec_did=1&titleType=title&share_sign=_Fhtx.Wizi8cYAYDCtW.vBt1_zASrGYk535vtXMWXI8-&share_version=230200&ts=1700030692&from_aid=1128&from_ssr=1',0,2,1,0,4246,1,'_0004KdgRfrPtVLR8nN2WKq_hQp5sQT6orgn',202311070001),('@9VwUxeSUWJ9lMiXzco1kRc7912PuOvmCOpxwrwmgJ1UQZvD+60zdRmYqig357zEBe6FKOZrNXUBj1XY2QZgJYA==','windows如何设置动态\n获取ip地址 #ip  #地址  #获取  #设置  #网络',1,'2023-08-16 08:27:54',4,'https://p3-sign.douyinpic.com/tos-cn-p-0015/oIvfEGDngfbBVClBGJCcBK1IAGeAx7Au2vCWRA~c5_300x400.jpeg?x-expires=1701237600&x-signature=KFB%2FvgomgNrPgd55GYYvalrloRY%3D&from=3213915784_large&s=PackSourceEnum_PUBLISH&se=false&sc=cover&biz_tag=aweme_video&l=202311151444536D0781D522D8A41553C7',0,'https://www.iesdouyin.com/share/video/7267710191636843812/?region=CN&mid=7267710341419699005&u_code=kbb98ah9&did=MS4wLjABAAAANwkJuWIRFOzg5uCpDRpMj4OX-QryoDgn-yYlXQnRwQQ&iid=MS4wLjABAAAANwkJuWIRFOzg5uCpDRpMj4OX-QryoDgn-yYlXQnRwQQ&with_sec_did=1&titleType=title&share_sign=0jJUzI4nv4VwyrdFiuwLpKFmiY8wkXkLfAbRCQ4tXWo-&share_version=230200&ts=1700030693&from_aid=1128&from_ssr=1',0,5,0,0,745,1,'_0004KdgRfrPtVLR8nN2WKq_hQp5sQT6orgn',202311070001),('@9VwUxeSUWJ9lMiXzco1kRc7912PuOvqDP5dxrQ+vJ1kUZ/L560zdRmYqig357zEBfLdN+CMrUyYqqJy6hLKF6w==','路由器无法获取动态ip地址 #路由器  #ip  #地址  #尝试  #可以',1,'2023-08-16 09:11:26',4,'https://p3-sign.douyinpic.com/tos-cn-p-0015/okfc7EezJIGXBhBIICu4zfRHQLPCU0AGkA2PjO~c5_300x400.jpeg?x-expires=1701237600&x-signature=Kp4UWhCjJQKhig%2FTa29Xpl7m8JM%3D&from=3213915784_large&s=PackSourceEnum_PUBLISH&se=false&sc=cover&biz_tag=aweme_video&l=202311151444536D0781D522D8A41553C7',0,'https://www.iesdouyin.com/share/video/7267721420459887935/?region=CN&mid=7267721584180267813&u_code=kbb98ah9&did=MS4wLjABAAAANwkJuWIRFOzg5uCpDRpMj4OX-QryoDgn-yYlXQnRwQQ&iid=MS4wLjABAAAANwkJuWIRFOzg5uCpDRpMj4OX-QryoDgn-yYlXQnRwQQ&with_sec_did=1&titleType=title&share_sign=IBQOzIC43_dHyjOOt_WO_EZqs_LfjT8YVh0xdb2Tlqo-&share_version=230200&ts=1700030693&from_aid=1128&from_ssr=1',10,27,1,0,10273,2,'_0004KdgRfrPtVLR8nN2WKq_hQp5sQT6orgn',202311070001),('@9VwUxeSUWJ9lMiXzco1kRc7912PuOvyFO5J3qAOjLFMQb/b560zdRmYqig357zEBYqBhuqGEHkbQp1ceJ2SxaA==','动态ip全国跳：绕过地域限制\n享受更自由的网络体验！ #ip  #动态  #全国  #网络  #跳转',1,'2023-08-16 10:50:50',4,'https://p3-sign.douyinpic.com/tos-cn-p-0015/ooNyMOenAKzbocbhmOfzDEVYAXMHIgBLhHBNAA~c5_300x400.jpeg?x-expires=1701237600&x-signature=U01Y%2FgXQafuXaWXAtCijIe0QKiY%3D&from=3213915784_large&s=PackSourceEnum_PUBLISH&se=false&sc=cover&biz_tag=aweme_video&l=202311151444536D0781D522D8A41553C7',0,'https://www.iesdouyin.com/share/video/7267747076195323175/?region=CN&mid=7267747183553039160&u_code=kbb98ah9&did=MS4wLjABAAAANwkJuWIRFOzg5uCpDRpMj4OX-QryoDgn-yYlXQnRwQQ&iid=MS4wLjABAAAANwkJuWIRFOzg5uCpDRpMj4OX-QryoDgn-yYlXQnRwQQ&with_sec_did=1&titleType=title&share_sign=S8wt5KrD0MDZedlf8AK_lI7DCMQzH9kUkFbJRKGcGQY-&share_version=230200&ts=1700030693&from_aid=1128&from_ssr=1',1,4,0,0,1004,0,'_0004KdgRfrPtVLR8nN2WKq_hQp5sQT6orgn',202311070001),('@9VwUxeSUWJ9lMiXzco1kRc7912PuOvyGOp10rA2lLFITbPL860zdRmYqig357zEB2nmKFKtfFjW5LNp3vsBf/w==','网络服务商支持\n静态IP可转为动态IP #ip  #动态  #路由器  #isp  #地址',1,'2023-08-16 10:40:20',4,'https://p11-sign.douyinpic.com/tos-cn-p-0015/ocFNhfuWAx4ePzLQIaNAGjUxrkhAbySNgBBcEu~c5_300x400.jpeg?x-expires=1701237600&x-signature=51PJg3ZKJXQ%2BU6cLyjr3CqdzgRM%3D&from=3213915784_large&s=PackSourceEnum_PUBLISH&se=false&sc=cover&biz_tag=aweme_video&l=202311151444536D0781D522D8A41553C7',0,'https://www.iesdouyin.com/share/video/7267744185573330230/?region=CN&mid=7267744469913570107&u_code=kbb98ah9&did=MS4wLjABAAAANwkJuWIRFOzg5uCpDRpMj4OX-QryoDgn-yYlXQnRwQQ&iid=MS4wLjABAAAANwkJuWIRFOzg5uCpDRpMj4OX-QryoDgn-yYlXQnRwQQ&with_sec_did=1&titleType=title&share_sign=y1GVRybrI5HrXVcCIYSof6zCGK8D0GyTKnpaoBjBU6s-&share_version=230200&ts=1700030693&from_aid=1128&from_ssr=1',0,1,0,0,613,0,'_0004KdgRfrPtVLR8nN2WKq_hQp5sQT6orgn',202311070001),('@9VwUxeSUWJ9lMiXzco1kRc7912zoNf6DMpFyrwqiKFYVbPL/60zdRmYqig357zEBqN23B3WY4yCRVRGj82rGbA==','动态DNS服务在局域网共享中的作用 #四叶天代理 #ip #局域网 #动态 #共享 #设备',1,'2023-10-20 10:28:48',4,'https://p3-sign.douyinpic.com/tos-cn-p-0015/oYeBLfA5B0qt8PmddyEWAKDxCzEAIsl0zP5phg~c5_300x400.jpeg?x-expires=1701068400&x-signature=1m3b7vS%2BV6Gelfw8B%2BwH1%2FhwroQ%3D&from=3213915784_large&s=PackSourceEnum_PUBLISH&se=false&sc=cover&biz_tag=aweme_video&l=20231113150233E236EB08C4CA1608A07A',0,'https://www.iesdouyin.com/share/video/7291861943604776233/?region=CN&mid=7291862054368414491&u_code=250cbek8656c&did=MS4wLjABAAAANwkJuWIRFOzg5uCpDRpMj4OX-QryoDgn-yYlXQnRwQQ&iid=MS4wLjABAAAANwkJuWIRFOzg5uCpDRpMj4OX-QryoDgn-yYlXQnRwQQ&with_sec_did=1&titleType=title&share_sign=sLF9OoEq2rqAxdUDH2wqn6dhXpQdCp7M3WEX3rxYsuo-&share_version=230200&ts=1699858953&from_aid=1128&from_ssr=1',0,2,0,0,237,0,'_000k75I4Y4kVLb9WJdcliUhUr7nJHFtTugR',202311070001),('@9VwUxeSUWJ9lMiXzco1kRc7912zoNP2KPpV3qwyuLVUabff/60zdRmYqig357zEBKjalT2RhiIOqk5k6EYZj9w==','动态IP设置路由器配置的重要环节 #四叶天代理 #ip #地址 #网络 #设置 #动态',1,'2023-10-20 16:43:38',4,'https://p3-sign.douyinpic.com/tos-cn-p-0015/oQCDHbbpnADl81oAyIDej1Q3MBNgL8RguK9e2A~c5_300x400.jpeg?x-expires=1701068400&x-signature=vS2ty%2FGAPbAaJ%2B2qUbfi3AFlCLw%3D&from=3213915784_large&s=PackSourceEnum_PUBLISH&se=false&sc=cover&biz_tag=aweme_video&l=20231113150233E236EB08C4CA1608A07A',0,'https://www.iesdouyin.com/share/video/7291958506268249363/?region=CN&mid=7291958632453770034&u_code=250cbek8656c&did=MS4wLjABAAAANwkJuWIRFOzg5uCpDRpMj4OX-QryoDgn-yYlXQnRwQQ&iid=MS4wLjABAAAANwkJuWIRFOzg5uCpDRpMj4OX-QryoDgn-yYlXQnRwQQ&with_sec_did=1&titleType=title&share_sign=I3.ZqW379IQK75NWveFHNVY9HYYYWntrmQ7GKWKGEFM-&share_version=230200&ts=1699858953&from_aid=1128&from_ssr=1',0,1,0,0,297,0,'_000k75I4Y4kVLb9WJdcliUhUr7nJHFtTugR',202311070001),('@9VwUxeSUWJ9lMiXzco1kRc7912zoNP6HOJBxrQqhKVQXaPf760zdRmYqig357zEBJMo5GnV5qjQq8qjLA8VOQw==','路由器设置动态IP的作用 #四叶天代理 #ip #地址 #网络 #设置 #动态',1,'2023-10-20 17:10:07',4,'https://p11-sign.douyinpic.com/tos-cn-p-0015/oUIkQDAo9hpMA4nlI8psbfU2kPEAmDmgNgkeBX~c5_300x400.jpeg?x-expires=1701068400&x-signature=J0NE5gFAdhzhqMS5xY1CWvTGF6U%3D&from=3213915784_large&s=PackSourceEnum_PUBLISH&se=false&sc=cover&biz_tag=aweme_video&l=20231113150233E236EB08C4CA1608A07A',0,'https://www.iesdouyin.com/share/video/7291965350407654667/?region=CN&mid=7291965457678633765&u_code=250cbek8656c&did=MS4wLjABAAAANwkJuWIRFOzg5uCpDRpMj4OX-QryoDgn-yYlXQnRwQQ&iid=MS4wLjABAAAANwkJuWIRFOzg5uCpDRpMj4OX-QryoDgn-yYlXQnRwQQ&with_sec_did=1&titleType=title&share_sign=h4IKwhvzyvOUqkPtc_j3fRPnK3whh7nwZcQ0lITzoBI-&share_version=230200&ts=1699858953&from_aid=1128&from_ssr=1',0,2,0,0,299,0,'_000k75I4Y4kVLb9WJdcliUhUr7nJHFtTugR',202311070001),('@9VwUxeSUWJ9lMiXzco1kRc7912zoO/iEPZJ5qAygJ1gaZ/n860zdRmYqig357zEBrF7U+wmB9b9ezCa4Wku+tw==','动态IP与静态IP的区别是什么？ #四叶天代理 #ip #地址 #动态 #网络 #用户',1,'2023-10-19 17:58:04',4,'https://p26-sign.douyinpic.com/tos-cn-p-0015/osuneBrsPAIH752hIBuaDbUdNfMhlQAB8A09gc~c5_300x400.jpeg?x-expires=1701068400&x-signature=UDAcq%2F6Js8Avy8QzhB9ndyfGoR8%3D&from=3213915784_large&s=PackSourceEnum_PUBLISH&se=false&sc=cover&biz_tag=aweme_video&l=20231113150233E236EB08C4CA1608A07A',0,'https://www.iesdouyin.com/share/video/7291606678166899980/?region=CN&mid=7291606732160207667&u_code=250cbek8656c&did=MS4wLjABAAAANwkJuWIRFOzg5uCpDRpMj4OX-QryoDgn-yYlXQnRwQQ&iid=MS4wLjABAAAANwkJuWIRFOzg5uCpDRpMj4OX-QryoDgn-yYlXQnRwQQ&with_sec_did=1&titleType=title&share_sign=uCivCs.6BVzdlyf9uKA4NFjcxltCTJf7SsvbO7Ef3dE-&share_version=230200&ts=1699858953&from_aid=1128&from_ssr=1',0,0,0,0,209,0,'_000k75I4Y4kVLb9WJdcliUhUr7nJHFtTugR',202311070001),('@9VwUxeSUWJ9lMiXzco1kRc7912zoOP+AO51xoQquKFEaavD560zdRmYqig357zEBL3fC5XQSa00atIakA2/rNQ==','解开束缚, 追求梦想 梦梦的冒险之旅 #四叶天代理 #梦梦 #海海 #翅膀 #蔚蓝 #飞翔',1,'2023-10-19 15:43:51',4,'https://p6-sign.douyinpic.com/tos-cn-p-0015/o8AAAjcwU5yINB9vNkzGwEZ6Cm3eh8fgJP8AOh~c5_300x400.jpeg?x-expires=1701068400&x-signature=P1ZbkzJIQjz3u0gpqSCY%2BmRu5cU%3D&from=3213915784_large&s=PackSourceEnum_PUBLISH&se=false&sc=cover&biz_tag=aweme_video&l=20231113150233E236EB08C4CA1608A07A',0,'https://www.iesdouyin.com/share/video/7291572080808709415/?region=CN&mid=7291572132104899386&u_code=250cbek8656c&did=MS4wLjABAAAANwkJuWIRFOzg5uCpDRpMj4OX-QryoDgn-yYlXQnRwQQ&iid=MS4wLjABAAAANwkJuWIRFOzg5uCpDRpMj4OX-QryoDgn-yYlXQnRwQQ&with_sec_did=1&titleType=title&share_sign=yt34q3_AhFZWDHxeuYYSZlJ2P6GHhPcpDKrmNM9TgE4-&share_version=230200&ts=1699858953&from_aid=1128&from_ssr=1',0,0,0,0,14,0,'_000k75I4Y4kVLb9WJdcliUhUr7nJHFtTugR',202311070001),('@9VwUxeSUWJ9lMiXzco1kRc7912zoOP+LPZZ2rQmiKlIWb/n760zdRmYqig357zEB/nR1rNbN8WUF9YHYoE2OQQ==','网络加速利器:动态IP全国跳 #四叶天代理 #ip #动态 #网络 #全国 #用户',1,'2023-10-19 16:13:11',4,'https://p3-sign.douyinpic.com/tos-cn-p-0015/oUOKcACzyB5GrtWfh4RHdAEjAAWwNmVgJeIREI~c5_300x400.jpeg?x-expires=1701068400&x-signature=zdxXvVQwGn6VkKyIk8AxEBAEZ7k%3D&from=3213915784_large&s=PackSourceEnum_PUBLISH&se=false&sc=cover&biz_tag=aweme_video&l=20231113150233E236EB08C4CA1608A07A',0,'https://www.iesdouyin.com/share/video/7291579637434535187/?region=CN&mid=7291579699864177467&u_code=250cbek8656c&did=MS4wLjABAAAANwkJuWIRFOzg5uCpDRpMj4OX-QryoDgn-yYlXQnRwQQ&iid=MS4wLjABAAAANwkJuWIRFOzg5uCpDRpMj4OX-QryoDgn-yYlXQnRwQQ&with_sec_did=1&titleType=title&share_sign=utIdyuvzW047eq_9oCLX2d6OhUQYBGqKZLEjJ.nbuGE-&share_version=230200&ts=1699858953&from_aid=1128&from_ssr=1',1,3,0,0,465,0,'_000k75I4Y4kVLb9WJdcliUhUr7nJHFtTugR',202311070001),('@9VwUxeSUWJ9lMiXzco1kRc7912zoOP6FOJB1oAumLlAUb/f960zdRmYqig357zEBQn5zEikol513Vy68xrewTg==','#四叶天代理 #ip #动态 #网络 #全国 #跳转',1,'2023-10-19 15:25:32',4,'https://p11-sign.douyinpic.com/tos-cn-p-0015/oYXhnlucDvGNA8BprCDIIgAsyohMBMneAQeb9o~c5_300x400.jpeg?x-expires=1701068400&x-signature=YidK1vgFU0QQdBtuj8tU2UkEa%2BE%3D&from=3213915784_large&s=PackSourceEnum_PUBLISH&se=false&sc=cover&biz_tag=aweme_video&l=20231113150233E236EB08C4CA1608A07A',0,'https://www.iesdouyin.com/share/video/7291567354910117161/?region=CN&mid=7291567411118197565&u_code=250cbek8656c&did=MS4wLjABAAAANwkJuWIRFOzg5uCpDRpMj4OX-QryoDgn-yYlXQnRwQQ&iid=MS4wLjABAAAANwkJuWIRFOzg5uCpDRpMj4OX-QryoDgn-yYlXQnRwQQ&with_sec_did=1&titleType=title&share_sign=NeuKGa_uRu17ZELHdwwVjOTMiK2_tfZHtHGT6ayZnL4-&share_version=230200&ts=1699858953&from_aid=1128&from_ssr=1',0,0,0,0,60,0,'_000k75I4Y4kVLb9WJdcliUhUr7nJHFtTugR',202311070001),('@9VwUxeSUWJ9lMiXzco1kRc7912zoOPGDM5Bwrw+mK1MTbvH160zdRmYqig357zEBtbKjFKfbSLHvq5BmR3OyYQ==','#四叶天代理',1,'2023-10-19 17:00:31',4,'https://p26-sign.douyinpic.com/tos-cn-p-0015/oshBINytHChEPVAeN8mygBfg2u5zLcgAATF4wB~c5_300x400.jpeg?x-expires=1701068400&x-signature=u8PzIDbT9imbY8HgtlHiPJ8OIxs%3D&from=3213915784_large&s=PackSourceEnum_PUBLISH&se=false&sc=cover&biz_tag=aweme_video&l=20231113150233E236EB08C4CA1608A07A',0,'https://www.iesdouyin.com/share/video/7291591851650420009/?region=CN&mid=7291591908613196605&u_code=250cbek8656c&did=MS4wLjABAAAANwkJuWIRFOzg5uCpDRpMj4OX-QryoDgn-yYlXQnRwQQ&iid=MS4wLjABAAAANwkJuWIRFOzg5uCpDRpMj4OX-QryoDgn-yYlXQnRwQQ&with_sec_did=1&titleType=title&share_sign=NbN63lUuxCfCgKwX3ONSn5rIphhaiuUTp0Xof9fcTiI-&share_version=230200&ts=1699858953&from_aid=1128&from_ssr=1',0,2,0,0,214,0,'_000k75I4Y4kVLb9WJdcliUhUr7nJHFtTugR',202311070001),('@9VwUxeSUWJ9lMiXzco1kRc7912zpOv6GPZJzrQ6iLlUTZvD160zdRmYqig357zEBW18UstFFVN1HV7/jdYNz3Q==','#四叶天代理',1,'2023-10-17 11:30:42',4,'https://p11-sign.douyinpic.com/tos-cn-p-0015/oYeDgbf3SAF2ntbgFmwDAcE0fCt8Qz2jU7fcMC~c5_300x400.jpeg?x-expires=1701068400&x-signature=IlP4dZldxFXe605j4cX0oXqaY2k%3D&from=3213915784_large&s=PackSourceEnum_PUBLISH&se=false&sc=cover&biz_tag=aweme_video&l=20231113150233E236EB08C4CA1608A07A',0,'https://www.iesdouyin.com/share/video/7290764672444140819/?region=CN&mid=7290764741956373305&u_code=250cbek8656c&did=MS4wLjABAAAANwkJuWIRFOzg5uCpDRpMj4OX-QryoDgn-yYlXQnRwQQ&iid=MS4wLjABAAAANwkJuWIRFOzg5uCpDRpMj4OX-QryoDgn-yYlXQnRwQQ&with_sec_did=1&titleType=title&share_sign=2DG7VdAT1L_syFy4Rs_AC9zOlPFHQpEbC4h_MoYIOIw-&share_version=230200&ts=1699858953&from_aid=1128&from_ssr=1',0,0,0,0,102,0,'_000k75I4Y4kVLb9WJdcliUhUr7nJHFtTugR',202311070001),('@9VwUxeSUWJ9lMiXzco1kRc7912zpOvqCP5R1rA6kKlgUavD+60zdRmYqig357zEBmLmmPDqs1NPb30AWfWL1iQ==','动态IP全国跳更自由、流畅的网络体验 #四叶天代理 #ip #动态 #网络 #全国 #跳转',1,'2023-10-17 08:39:16',4,'https://p26-sign.douyinpic.com/tos-cn-p-0015/o8uALlBclfX2ABNu7yHWedgSvhEkNAkzIt17Ow~c5_300x400.jpeg?x-expires=1701068400&x-signature=u%2Fo%2FnqdUtMg%2FdcfybJOZovqzcqU%3D&from=3213915784_large&s=PackSourceEnum_PUBLISH&se=false&sc=cover&biz_tag=aweme_video&l=20231113150233E236EB08C4CA1608A07A',0,'https://www.iesdouyin.com/share/video/7290720414542597412/?region=CN&mid=7290720561110059837&u_code=250cbek8656c&did=MS4wLjABAAAANwkJuWIRFOzg5uCpDRpMj4OX-QryoDgn-yYlXQnRwQQ&iid=MS4wLjABAAAANwkJuWIRFOzg5uCpDRpMj4OX-QryoDgn-yYlXQnRwQQ&with_sec_did=1&titleType=title&share_sign=a4zi.1pITKAlcL5bKRx4ksEnvZtpkcgz3lzu7e0JrTk-&share_version=230200&ts=1699858953&from_aid=1128&from_ssr=1',1,2,1,0,1008,4,'_000k75I4Y4kVLb9WJdcliUhUr7nJHFtTugR',202311070001);
/*!40000 ALTER TABLE `mainsite_datadouyin` ENABLE KEYS */;
UNLOCK TABLES;

--
-- Table structure for table `mainsite_platformdouyin`
--

DROP TABLE IF EXISTS `mainsite_platformdouyin`;
/*!40101 SET @saved_cs_client     = @@character_set_client */;
/*!50503 SET character_set_client = utf8mb4 */;
CREATE TABLE `mainsite_platformdouyin` (
  `access_token` varchar(255) NOT NULL,
  `refresh_token` varchar(64) NOT NULL,
  `open_id` varchar(255) NOT NULL,
  `expires_in` datetime(6) NOT NULL,
  `e_account_role` varchar(255) DEFAULT NULL,
  `nickname` varchar(64) NOT NULL,
  `avatar` varchar(255) NOT NULL,
  `uid_id` bigint NOT NULL,
  PRIMARY KEY (`open_id`),
  KEY `mainsite_platformdouyin_uid_id_694d41ee_fk_mainsite_user_uid` (`uid_id`),
  CONSTRAINT `mainsite_platformdouyin_uid_id_694d41ee_fk_mainsite_user_uid` FOREIGN KEY (`uid_id`) REFERENCES `mainsite_user` (`uid`)
) ENGINE=InnoDB DEFAULT CHARSET=utf8mb4 COLLATE=utf8mb4_0900_ai_ci;
/*!40101 SET character_set_client = @saved_cs_client */;

--
-- Dumping data for table `mainsite_platformdouyin`
--

LOCK TABLES `mainsite_platformdouyin` WRITE;
/*!40000 ALTER TABLE `mainsite_platformdouyin` DISABLE KEYS */;
INSERT INTO `mainsite_platformdouyin` VALUES ('act.3.Z0OjYtsiCViNouRBJJG1Qb8z_UDERihxIfoXgG3cWObWdRdcK-vQQEYgX2env5lofgiUXAJk1UlJf9-4_z8ZAxEQbCSt7LwsMWN27dD-hZVqwHCNaeRAtYhoctzK6roQr2Pun4RSH1H_0FXySIf7L0CtChazxYON9wQut1dcbzhvvUAiVts6vxVeno0=	','rft.98af6b8877579feee3f3420faebe509eSvCSzn6rlMcOb9pflPtnaMpqUCRs','_0004KdgRfrPtVLR8nN2WKq_hQp5sQT6orgn','2023-11-28 14:04:20.000000',NULL,'四叶天代理IP001','https://p11.douyinpic.com/aweme/100x100/aweme-avatar/tos-cn-i-0813_oIJ3OiAvgA7YEiaBQMAf5BAfA78xjEbLdArneD.jpeg?from=4010531038',202311070001),('act.3.x90oPzcrpy3sDzN-omgr5g-Si9DwXhN56PfqiDzDL3lNLwfqVLCVSSbD4ygaD7b-E-QUZbKLeAR1DZlcl7Xr6zy-u54qLJWrjALIdV59xwUCFjZzcnXIXbWSMqqwJGa7TcaZLq4NFsf6RoW85khcACy-nxLJGtba09Q33JqFL8EJ47yGkPFwwpaSYwc=','rft.4e3936e0059698188c549da164e34048FidJZ5jtLiRtgu4SSl3yG1lRm47E','_000k75I4Y4kVLb9WJdcliUhUr7nJHFtTugR','2023-11-25 16:54:26.000000',NULL,'四叶天代理','https://p11.douyinpic.com/aweme/100x100/aweme-avatar/tos-cn-i-0813c001_o0Ex9MJUkENAAAAKhCefBDIhIXzARYAE7gNqH3.jpeg?from=4010531038',202311070001);
/*!40000 ALTER TABLE `mainsite_platformdouyin` ENABLE KEYS */;
UNLOCK TABLES;

--
-- Table structure for table `mainsite_user`
--

DROP TABLE IF EXISTS `mainsite_user`;
/*!40101 SET @saved_cs_client     = @@character_set_client */;
/*!50503 SET character_set_client = utf8mb4 */;
CREATE TABLE `mainsite_user` (
  `uid` bigint NOT NULL,
  `username` varchar(32) NOT NULL,
  `password` varchar(64) NOT NULL,
  `status` smallint NOT NULL,
  `register_time` datetime(6) NOT NULL,
  `last_login_time` datetime(6) NOT NULL,
  PRIMARY KEY (`uid`)
) ENGINE=InnoDB DEFAULT CHARSET=utf8mb4 COLLATE=utf8mb4_0900_ai_ci;
/*!40101 SET character_set_client = @saved_cs_client */;

--
-- Dumping data for table `mainsite_user`
--

LOCK TABLES `mainsite_user` WRITE;
/*!40000 ALTER TABLE `mainsite_user` DISABLE KEYS */;
INSERT INTO `mainsite_user` VALUES (202311070001,'admin','ef92bec6a280e67f0c14bbfa19dddb97',1,'2023-11-07 15:04:46.316609','2023-11-14 09:12:00.631050'),(202311093778,'admin2','ef92bec6a280e67f0c14bbfa19dddb97',1,'2023-11-09 11:25:30.568086','2023-11-09 11:43:01.387947'),(202311098730,'amy','cc5352f6f303acb5831ca579f4154185',1,'2023-11-09 17:51:34.106075','2023-11-10 09:24:53.532941'),(202311100987,'123123123','55e382a350de935f1e3be44847c55276',1,'2023-11-10 08:55:31.797485','2023-11-10 08:55:31.797507'),(202311102867,'2323','55e382a350de935f1e3be44847c55276',1,'2023-11-10 09:24:34.361980','2023-11-10 09:24:34.362016'),(202311105899,'chenhao','ef92bec6a280e67f0c14bbfa19dddb97',1,'2023-11-10 08:30:09.294752','2023-11-10 08:30:28.699596'),(202311107025,'user','2b1212ff9335a2b641c24b71f061a160',1,'2023-11-10 12:00:44.703871','2023-11-10 12:01:52.021625'),(202311107330,'123','311d273e5f3f3ec92cfccd68c573861a',1,'2023-11-10 09:13:57.870000','2023-11-10 09:13:57.870392'),(202311107331,'test','ef92bec6a280e67f0c14bbfa19dddb97',1,'2023-11-10 10:55:12.000000','2023-11-10 11:55:15.207419');
/*!40000 ALTER TABLE `mainsite_user` ENABLE KEYS */;
UNLOCK TABLES;
/*!40103 SET TIME_ZONE=@OLD_TIME_ZONE */;

/*!40101 SET SQL_MODE=@OLD_SQL_MODE */;
/*!40014 SET FOREIGN_KEY_CHECKS=@OLD_FOREIGN_KEY_CHECKS */;
/*!40014 SET UNIQUE_CHECKS=@OLD_UNIQUE_CHECKS */;
/*!40101 SET CHARACTER_SET_CLIENT=@OLD_CHARACTER_SET_CLIENT */;
/*!40101 SET CHARACTER_SET_RESULTS=@OLD_CHARACTER_SET_RESULTS */;
/*!40101 SET COLLATION_CONNECTION=@OLD_COLLATION_CONNECTION */;
/*!40111 SET SQL_NOTES=@OLD_SQL_NOTES */;

-- Dump completed on 2023-11-15 16:48:27
