word,play_count
IP,575291
地址,355717
动态IP,116020
网站,101304
静态,98466
软件,91856
方法,73137
手机,66181
电脑,58025
教程,55410
网络,51644
服务器,49755
区别,42994
国内,41035
代理,40128
在线,38381
静态IP,37099
HTTP,36874
问题,36440
位置,35186
修改器,35130
意思,33226
错误,30863
适配器,30847
固件,30847
调器,30847
空白,30847
调制解调器,30847
解调器,30847
实时,30523
主页,27704
浏览器,25637
四叶天,24548
质量,21589
手机动,21399
SOCKS5,17981
抖音IP,17646
网页,16019
全球,14777
端口,14585
好处,14520
动态,14173
作用,13300
网速,12260
免费版,11574
WAN口IP,11512
WIFI,10943
评论区,10880
优势,10101
平台,9661
加速器,8938
可用率,8208
羊毛,8206
用途,8069
风险,7784
功能,7520
长效IP,7482
账号,7279
DHCP,7023
数据,6573
工具,6551
四叶天代理IP,6412
APP,6188
优点,6114
原理,5932
短效,5844
密码,5546
路由器,5400
动态代理IP,4985
链接,4830
苹果,4681
游戏,4634
爬虫,4574
子网,4329
掩码,4329
IPV6,4178
协议,3963
短效代理IP,3591
过程,3445
步骤,3442
爬虫IP,3289
SOCKS5 #,3242
永久,3103
隐私,3063
住宅,2856
行为,2785
内网,2772
国家,2704
PYTHON,2585
转换器,2583
速度,2554
原因,2482
知识,2469
代码,2392
企业,2296
校验,2288
冗余,2288
检验码,2288
校验码,2288
用户,2282
